Source,Sink,Weight
Acrochaetiaceae,Pinnulariaceae,1
Acrochaetiaceae,Hyphomonadaceae,1
Acrochaetiaceae,Erythropeltidaceae,1
Acrochaetiaceae,Apolemiidae,1
Acrochaetiaceae,Erythrotrichiaceae,1
Agalmatidae,Microbulbiferaceae,1
Agalmatidae,Pyrenomonadaceae,1
Agalmatidae,Candidatus.Brocadiaceae,1
Agalmatidae,Catenulaceae,1
Agalmatidae,Bacillariaceae,1
Agalmatidae,Pleurosigmataceae,1
Agalmatidae,Olpidiopsidaceae,1
Agalmatidae,Chroomonadaceae,1
Agalmatidae,Rubricoccaceae,1
Alpheidae,Saccharospirillaceae,1
Alpheidae,Ceramiaceae,1
Alpheidae,Calditrichaceae,1
Alpheidae,Corallinaceae,1
Alpheidae,Dermocarpellaceae,1
Alpheidae,Braconidae,1
Alpheidae,Olpidiopsidaceae,1
Alpheidae,Porticoccaceae,1
Alpheidae,Pelagiidae,1
Amanitaceae,Laelapidae,1
Amanitaceae,Clavariaceae,1
Amanitaceae,Nitriliruptoraceae,1
Amanitaceae,Cyphoderiidae,1
Anisolpidiaceae,Desulfovibrionaceae,1
Anisolpidiaceae,Apolemiidae,1
Anisolpidiaceae,Comatulidae,1
Apolemiidae,Acrochaetiaceae,1
Apolemiidae,Tethyidae,1
Apolemiidae,Sandaracinaceae,1
Apolemiidae,Gigartinaceae,1
Apolemiidae,Anisolpidiaceae,1
Apolemiidae,Bangiaceae,1
Apolemiidae,Olpidiopsidaceae,1
Apusomonadidae,Skeletonemataceae,1
Apusomonadidae,Leptomitaceae,1
Apusomonadidae,Microbulbiferaceae,1
Apusomonadidae,Chrysomelidae,1
Apusomonadidae,Halieaceae,1
Apusomonadidae,Lentimicrobiaceae,1
Apusomonadidae,Pleurosigmataceae,1
Apusomonadidae,Cyaneidae,1
Apusomonadidae,Ruminococcaceae,1
Asplanchnidae,Sandaracinaceae,1
Asplanchnidae,Olpidiopsidaceae,1
Bacillariaceae,Psathyrellaceae,1
Bacillariaceae,Catenulaceae,1
Bacillariaceae,Bacillariaceae,1
Bacillariaceae,Pleurosigmataceae,1
Bacillariaceae,Methylococcaceae,1
Bangiaceae,Lymnaeidae,1
Bangiaceae,Apolemiidae,1
Bangiaceae,Cyaneidae,1
Berkeleyaceae,Amoebophilaceae,1
Berkeleyaceae,Lentimicrobiaceae,1
Berkeleyaceae,Bacillariaceae,1
Berkeleyaceae,Chlorodendraceae,1
Berkeleyaceae,Pleurosigmataceae,1
Berkeleyaceae,Cymbellaceae,1
Berkeleyaceae,Capitellidae,1
Berkeleyaceae,Pennariidae,1
Bougainvilliidae,Ceramiaceae,1
Bougainvilliidae,Campylobacteraceae,1
Bougainvilliidae,Olpidiopsidaceae,1
Bougainvilliidae,Rubritaleaceae,1
Bougainvilliidae,Thioalkalispiraceae,1
Braconidae,Alpheidae,1
Braconidae,Prayidae,1
Braconidae,Candidatus.Brocadiaceae,1
Braconidae,Phaselicystidaceae,1
Caecitellidae,Tethyidae,1
Caecitellidae,Phyllobacteriaceae,1
Caecitellidae,Raphidomonadidae,1
Caecitellidae,Hydridae,1
Campanulariidae,Sphingomonadaceae,1
Campanulariidae,Fusobacteriaceae,1
Capitellidae,Xyalidae,1
Capitellidae,Acanthopleuribacteraceae,1
Capitellidae,Gracillariidae,1
Capitellidae,Lentimicrobiaceae,1
Capitellidae,Berkeleyaceae,1
Capitellidae,Pleurosigmataceae,1
Capitellidae,Rhodospirillaceae,1
Capitellidae,Saprolegniaceae,1
Capitellidae,Ruminococcaceae,1
Cecidomyiidae,Entolomataceae,1
Cecidomyiidae,Clavariaceae,1
Cecidomyiidae,Zancleidae,1
Cecidomyiidae,Pelagiidae,1
Ceramiaceae,Alpheidae,1
Ceramiaceae,Chordariaceae,1
Ceramiaceae,Corallinaceae,1
Ceramiaceae,Bougainvilliidae,1
Chaetonotidae,Dermocarpellaceae,1
Chaetonotidae,Marinifilaceae,1
Chlorellaceae,Rhodanobacteraceae,1
Chlorellaceae,Myzocytiopsidaceae,1
Chlorellaceae,Haloferacaceae,1
Chlorellaceae,Cyaneidae,1
Chlorellaceae,Cyphoderiidae,1
Chordariaceae,Ceramiaceae,1
Chordariaceae,Ectocarpaceae,1
Chordariaceae,Pyrinomonadaceae,1
Chordariaceae,Wenzhouxiangellaceae,1
Chordariaceae,Nectriaceae,1
Chordariaceae,Chlorodendraceae,1
Chromadoridae,Veneridae,1
Chromadoridae,Pleurosigmataceae,1
Chromadoridae,Noctuidae,1
Chromadoridae,Clostridiaceae,1
Chrysomelidae,Apusomonadidae,1
Clavariaceae,Peronosporaceae,1
Clavariaceae,Alteromonadaceae,1
Clavariaceae,Erebidae,1
Clavariaceae,Amanitaceae,1
Clavariaceae,Psathyrellaceae,1
Clavariaceae,Nitriliruptoraceae,1
Clavariaceae,Hesperiidae,1
Clavariaceae,Cecidomyiidae,1
Clavariaceae,Laelapidae,1
Clavariaceae,Zancleidae,1
Clavariaceae,Cellvibrionaceae,1
Clavariaceae,Corynidae,1
Clavariaceae,Culicidae,1
Clavariaceae,Cyphoderiidae,1
Cochliopodiidae,Oxalobacteraceae,1
Cochliopodiidae,Sinobacteraceae,1
Cochliopodiidae,Vibrionaceae,1
Cochliopodiidae,Sphingomonadaceae,1
Cochliopodiidae,Chitinophagaceae,1
Cochliopodiidae,Halymeniaceae,1
Comatulidae,Ectocarpaceae,1
Comatulidae,Kallymeniaceae,1
Comatulidae,Leptomitaceae,1
Comatulidae,Thalassiosiraceae,1
Comatulidae,Thecamoebidae,1
Comatulidae,Competibacteraceae,1
Comatulidae,Anisolpidiaceae,1
Comatulidae,Ardenticatenaceae,1
Comatulidae,Hahellaceae,1
Comatulidae,Chaetocerotaceae,1
Comatulidae,Rhodocyclaceae,1
Comatulidae,Rubricoccaceae,1
Corallinaceae,Ceramiaceae,1
Corallinaceae,Pinnulariaceae,1
Corallinaceae,Alpheidae,1
Corallinaceae,Calditrichaceae,1
Corallinaceae,Erythropeltidaceae,1
Corallinaceae,Coscinodiscaceae,1
Corallinaceae,Erythrotrichiaceae,1
Corallinaceae,Crocinitomicaceae,1
Corallinaceae,Porticoccaceae,1
Corallinaceae,Prolixibacteraceae,1
Corynidae,Thalassiosiraceae,1
Corynidae,Ectothiorhodospiraceae,1
Corynidae,Clavariaceae,1
Corynidae,Bacillariaceae,1
Corynidae,Chlorodendraceae,1
Corynidae,Ischnomesidae,1
Culicidae,Kallymeniaceae,1
Culicidae,Erebidae,1
Culicidae,Clavariaceae,1
Culicidae,Zancleidae,1
Culicidae,Arenicellaceae,1
Culicidae,Cellvibrionaceae,1
Culicidae,Hahellaceae,1
Culicidae,Acidiferrobacteraceae,1
Cyaneidae,Pleurotaceae,1
Cyaneidae,Comamonadaceae,1
Cyaneidae,Fragilariaceae,1
Cyaneidae,Apusomonadidae,1
Cyaneidae,Bangiaceae,1
Cyaneidae,Zoogloeaceae,1
Cyaneidae,Chlorellaceae,1
Cyaneidae,Aeromonadaceae,1
Cyaneidae,Prolixibacteraceae,1
Cyaneidae,Cymbellaceae,1
Cyaneidae,Pelagiidae,1
Cyaneidae,Cyphoderiidae,1
Cyaneidae,Methylococcaceae,1
Cymbellaceae,Flavobacteriaceae,1
Cymbellaceae,Veneridae,1
Cymbellaceae,Berkeleyaceae,1
Cymbellaceae,Saprolegniaceae,1
Cymbellaceae,Cyaneidae,1
Cymbellaceae,Alcanivoracaceae,1
Cyphoderiidae,Alteromonadaceae,1
Cyphoderiidae,Laelapidae,1
Cyphoderiidae,Amanitaceae,1
Cyphoderiidae,Chlorellaceae,1
Cyphoderiidae,Clavariaceae,1
Cyphoderiidae,Nitriliruptoraceae,1
Cyphoderiidae,Cyaneidae,1
Ectocarpaceae,Competibacteraceae,1
Ectocarpaceae,Xyalidae,1
Ectocarpaceae,Halieaceae,1
Ectocarpaceae,Comatulidae,1
Ectocarpaceae,Acidiferrobacteraceae,1
Ectocarpaceae,Porticoccaceae,1
Ectocarpaceae,Hyalospheniidae,1
Ectocarpaceae,Alcanivoracaceae,1
Ectocarpaceae,Thioprofundaceae,1
Entolomataceae,Cecidomyiidae,1
Entolomataceae,Vannellidae,1
Entolomataceae,Micropepsaceae,1
Entolomataceae,Coxiellaceae,1
Entolomataceae,Rhodobacteraceae,1
Entolomataceae,Nitrososphaeraceae,1
Entolomataceae,Beijerinckiaceae,1
Erebidae,Peronosporaceae,1
Erebidae,Laelapidae,1
Erebidae,Clavariaceae,1
Erebidae,Hahellaceae,1
Erebidae,Culicidae,1
Erythropeltidaceae,Acrochaetiaceae,1
Erythropeltidaceae,Erythrotrichiaceae,1
Erythropeltidaceae,Phyllobacteriaceae,1
Erythropeltidaceae,Raphidomonadidae,1
Erythropeltidaceae,Corallinaceae,1
Erythropeltidaceae,Olpidiopsidaceae,1
Erythropeltidaceae,Paramoebidae,1
Flavobacteriaceae,Sandaracinaceae,1
Flavobacteriaceae,Comamonadaceae,1
Flavobacteriaceae,Hyphomonadaceae,1
Flavobacteriaceae,Iamiaceae,1
Flavobacteriaceae,Aphanothecaceae,1
Flavobacteriaceae,Gigartinaceae,1
Flavobacteriaceae,Cryomorphaceae,1
Flavobacteriaceae,Naviculaceae,1
Flavobacteriaceae,Acidimicrobiaceae,1
Flavobacteriaceae,Cymbellaceae,1
Fragilariaceae,Lymnaeidae,1
Fragilariaceae,Archangiaceae,1
Fragilariaceae,Virgulinellidae,1
Fragilariaceae,Haematococcaceae,1
Fragilariaceae,Aurantimonadaceae,1
Fragilariaceae,Noctuidae,1
Fragilariaceae,Cyaneidae,1
Fragilariaceae,Hydridae,1
Gigartinaceae,Gigartinaceae,1
Gigartinaceae,Hyphomonadaceae,1
Gigartinaceae,Flavobacteriaceae,1
Gigartinaceae,Aphanothecaceae,1
Gigartinaceae,Cryomorphaceae,1
Gigartinaceae,Haliscomenobacteraceae,1
Gigartinaceae,Symbiodiniaceae,1
Gigartinaceae,Alcanivoracaceae,1
Gigartinaceae,Holophagaceae,1
Gomphonemataceae,Acidimicrobiaceae,1
Gomphonemataceae,Noctuidae,1
Gracilariaceae,Kallymeniaceae,1
Gracilariaceae,Zancleidae,1
Gracilariaceae,Rhodocyclaceae,1
Gracilariaceae,Hyalospheniidae,1
Gracillariidae,Xyalidae,1
Gracillariidae,Acanthopleuribacteraceae,1
Gracillariidae,Capitellidae,1
Gracillariidae,Sertulariidae,1
Gymnodiniaceae,Prayidae,1
Gymnodiniaceae,Gymnodiniaceae,1
Gymnodiniaceae,Mitrocomidae,1
Gymnodiniaceae,Moritellaceae,1
Gymnodiniaceae,Cryomorphaceae,1
Gymnodiniaceae,Rubricoccaceae,1
Gymnodiniaceae,Ischnomesidae,1
Hartmannellidae,Methylophilaceae,1
Hartmannellidae,Comamonadaceae,1
Hartmannellidae,Oxalobacteraceae,1
Hartmannellidae,Gemmatimonadaceae,1
Hartmannellidae,Nocardioidaceae,1
Hesperiidae,Erythrobacteraceae,1
Hesperiidae,Crocinitomicaceae,1
Hesperiidae,Clavariaceae,1
Hesperiidae,Hahellaceae,1
Hesperiidae,Fusobacteriaceae,1
Hyalospheniidae,Ectocarpaceae,1
Hyalospheniidae,Leptomitaceae,1
Hyalospheniidae,Gracilariaceae,1
Hyalospheniidae,Bdellovibrionaceae,1
Hydridae,Fragilariaceae,1
Hydridae,Olpidiopsidaceae,1
Hydridae,Caecitellidae,1
Ischnomesidae,Pleurotaceae,1
Ischnomesidae,Thecamoebidae,1
Ischnomesidae,Virgulinellidae,1
Ischnomesidae,Ardenticatenaceae,1
Ischnomesidae,Acidiferrobacteraceae,1
Ischnomesidae,Gymnodiniaceae,1
Ischnomesidae,Corynidae,1
Ischnomesidae,Pseudobacteriovoracaceae,1
Kallymeniaceae,Competibacteraceae,1
Kallymeniaceae,Cellvibrionaceae,1
Kallymeniaceae,Hahellaceae,1
Kallymeniaceae,Rhodobacteraceae,1
Kallymeniaceae,Gracilariaceae,1
Kallymeniaceae,Naviculaceae,1
Kallymeniaceae,Comatulidae,1
Kallymeniaceae,Culicidae,1
Kallymeniaceae,Olpidiopsidaceae,1
Laelapidae,Peronosporaceae,1
Laelapidae,Erebidae,1
Laelapidae,Amanitaceae,1
Laelapidae,Clavariaceae,1
Laelapidae,Paramoebidae,1
Laelapidae,Cyphoderiidae,1
Leptomitaceae,Pleurotaceae,1
Leptomitaceae,Apusomonadidae,1
Leptomitaceae,Comatulidae,1
Leptomitaceae,Hyalospheniidae,1
Lithodesmiaceae,Hyphomicrobiaceae,1
Lithodesmiaceae,Ectothiorhodospiraceae,1
Lithodesmiaceae,Psathyrellaceae,1
Lymnaeidae,Pyrenomonadaceae,1
Lymnaeidae,Fragilariaceae,1
Lymnaeidae,Bangiaceae,1
Lymnaeidae,Desulfonatronaceae,1
Lymnaeidae,Ruminococcaceae,1
Mesotaeniaceae,Microbulbiferaceae,1
Mesotaeniaceae,Ignavibacteriaceae,1
Mesotaeniaceae,Cellvibrionaceae,1
Mesotaeniaceae,Melioribacteraceae,1
Mesotaeniaceae,Pelagiidae,1
Mitrocomidae,Tethyidae,1
Mitrocomidae,Pyrenomonadaceae,1
Mitrocomidae,Ignavibacteriaceae,1
Mitrocomidae,Gymnodiniaceae,1
Mitrocomidae,Ruminococcaceae,1
Myzocytiopsidaceae,Chlorellaceae,1
Myzocytiopsidaceae,Plumulariidae,1
Myzocytiopsidaceae,Pyrenomonadaceae,1
Myzocytiopsidaceae,Erythrobacteraceae,1
Myzocytiopsidaceae,Xyalidae,1
Myzocytiopsidaceae,Rhodocyclaceae,1
Myzocytiopsidaceae,Zoogloeaceae,1
Myzocytiopsidaceae,Syntrophaceae,1
Naviculaceae,Kallymeniaceae,1
Naviculaceae,Catenulaceae,1
Naviculaceae,Thalassiosiraceae,1
Nectriaceae,Thiotrichaceae,1
Nectriaceae,Microbacteriaceae,1
Nectriaceae,Chordariaceae,1
Nectriaceae,Kangiellaceae,1
Nectriaceae,Nitrososphaeraceae,1
Nectriaceae,Gemmataceae,1
Nectriaceae,Gemmatimonadaceae,1
Niphargidae,Crocinitomicaceae,1
Niphargidae,Cytophagaceae,1
Niphargidae,Saprolegniaceae,1
Niphargidae,Nitrospinaceae,1
Noctuidae,Caldilineaceae,1
Noctuidae,Colwelliaceae,1
Noctuidae,Campylobacteraceae,1
Noctuidae,Chromadoridae,1
Noctuidae,Fragilariaceae,1
Noctuidae,Archangiaceae,1
Noctuidae,Gomphonemataceae,1
Noctuidae,Cryomorphaceae,1
Olpidiopsidaceae,Agalmatidae,1
Olpidiopsidaceae,Alpheidae,1
Olpidiopsidaceae,Erythropeltidaceae,1
Olpidiopsidaceae,Apolemiidae,1
Olpidiopsidaceae,Asplanchnidae,1
Olpidiopsidaceae,Raphidomonadidae,1
Olpidiopsidaceae,Bougainvilliidae,1
Olpidiopsidaceae,Bangiaceae,1
Olpidiopsidaceae,Hydridae,1
Olpidiopsidaceae,Kallymeniaceae,1
Olpidiopsidaceae,Caldilineaceae,1
Olpidiopsidaceae,Sandaracinaceae,1
Olpidiopsidaceae,Paramoebidae,1
Paramoebidae,Laelapidae,1
Paramoebidae,Erythropeltidaceae,1
Paramoebidae,Moraxellaceae,1
Paramoebidae,Olpidiopsidaceae,1
Paramoebidae,Ruminococcaceae,1
Pelagiidae,Cecidomyiidae,1
Pelagiidae,Alpheidae,1
Pelagiidae,Pleurotaceae,1
Pelagiidae,Mesotaeniaceae,1
Pelagiidae,Naviculaceae,1
Pelagiidae,Cyaneidae,1
Pennariidae,Glabratellidae,1
Pennariidae,Pycnococcaceae,1
Pennariidae,Moritellaceae,1
Pennariidae,Berkeleyaceae,1
Peronosporaceae,Laelapidae,1
Peronosporaceae,Erebidae,1
Peronosporaceae,Clavariaceae,1
Peronosporaceae,Saprolegniaceae,1
Pinnulariaceae,Acrochaetiaceae,1
Pinnulariaceae,Anaerolineaceae,1
Pinnulariaceae,Calditrichaceae,1
Pinnulariaceae,Aphanothecaceae,1
Pinnulariaceae,Coscinodiscaceae,1
Pinnulariaceae,Ignavibacteriaceae,1
Pinnulariaceae,Catenulaceae,1
Pinnulariaceae,Corallinaceae,1
Pinnulariaceae,Chlorodendraceae,1
Pinnulariaceae,Rubricoccaceae,1
Pinnulariaceae,Helicobacteraceae,1
Pinnulariaceae,Alcanivoracaceae,1
Pleurotaceae,Leptomitaceae,1
Pleurotaceae,Cyaneidae,1
Pleurotaceae,Pelagiidae,1
Pleurotaceae,Ischnomesidae,1
Plumulariidae,Myzocytiopsidaceae,1
Plumulariidae,Arenicellaceae,1
Prayidae,Archangiaceae,1
Prayidae,Gymnodiniaceae,1
Prayidae,Braconidae,1
Prayidae,Alcaligenaceae,1
Psathyrellaceae,Lithodesmiaceae,1
Psathyrellaceae,Clavariaceae,1
Psathyrellaceae,Bacillariaceae,1
Pycnococcaceae,Skeletonemataceae,1
Pycnococcaceae,Nostocaceae,1
Pycnococcaceae,Thalassiosiraceae,1
Pycnococcaceae,Moritellaceae,1
Pycnococcaceae,Ferrimonadaceae,1
Pycnococcaceae,Marinifilaceae,1
Pycnococcaceae,Saprolegniaceae,1
Pycnococcaceae,Pennariidae,1
Pythiaceae,Verrucomicrobia.subdivision.3,1
Pythiaceae,Micropepsaceae,1
Pythiaceae,Arenicellaceae,1
Pythiaceae,Chitinophagaceae,1
Pythiaceae,Dermocarpellaceae,1
Raphidomonadidae,Tethyidae,1
Raphidomonadidae,Caldilineaceae,1
Raphidomonadidae,Sandaracinaceae,1
Raphidomonadidae,Erythropeltidaceae,1
Raphidomonadidae,Nitrosomonadaceae,1
Raphidomonadidae,Olpidiopsidaceae,1
Raphidomonadidae,Caecitellidae,1
Raphidomonadidae,Pseudobacteriovoracaceae,1
Rhabditidae,Zancleidae,1
Rhabditidae,Halieaceae,1
Rhabditidae,Prolixibacteraceae,1
Rhodomelaceae,Crocinitomicaceae,1
Rhodomelaceae,Desulfarculaceae,1
Rhodomelaceae,Chthoniobacteraceae,1
Salpingoecidae,Pleurosigmataceae,1
Saprolegniaceae,Peronosporaceae,1
Saprolegniaceae,Thecamoebidae,1
Saprolegniaceae,Pycnococcaceae,1
Saprolegniaceae,Niphargidae,1
Saprolegniaceae,Cytophagaceae,1
Saprolegniaceae,Cymbellaceae,1
Saprolegniaceae,Capitellidae,1
Scytosiphonaceae,Skeletonemataceae,1
Scytosiphonaceae,Bacillaceae,1
Scytosiphonaceae,Halomonadaceae,1
Sellaphoraceae,Anaerolineaceae,1
Sellaphoraceae,Desulfobulbaceae,1
Sellaphoraceae,Pseudobacteriovoracaceae,1
Sertulariidae,Iamiaceae,1
Sertulariidae,Rhodobacteraceae,1
Sertulariidae,Gracillariidae,1
Sertulariidae,Syntrophaceae,1
Skeletonemataceae,Thalassiosiraceae,1
Skeletonemataceae,Rhizobiaceae,1
Skeletonemataceae,Virgulinellidae,1
Skeletonemataceae,Apusomonadidae,1
Skeletonemataceae,Pycnococcaceae,1
Skeletonemataceae,Chaetocerotaceae,1
Skeletonemataceae,Halieaceae,1
Skeletonemataceae,Rhodocyclaceae,1
Skeletonemataceae,Scytosiphonaceae,1
Skeletonemataceae,Alcanivoracaceae,1
Tethyidae,Iamiaceae,1
Tethyidae,Aphanothecaceae,1
Tethyidae,Apolemiidae,1
Tethyidae,Mitrocomidae,1
Tethyidae,Raphidomonadidae,1
Tethyidae,Caecitellidae,1
Tethyidae,Alariaceae,1
Thalassiosiraceae,Skeletonemataceae,1
Thalassiosiraceae,Shewanellaceae,1
Thalassiosiraceae,Erythrobacteraceae,1
Thalassiosiraceae,Virgulinellidae,1
Thalassiosiraceae,Pycnococcaceae,1
Thalassiosiraceae,Crocinitomicaceae,1
Thalassiosiraceae,Hahellaceae,1
Thalassiosiraceae,Chaetocerotaceae,1
Thalassiosiraceae,Comatulidae,1
Thalassiosiraceae,Nitrosomonadaceae,1
Thalassiosiraceae,Corynidae,1
Thecamoebidae,Nostocaceae,1
Thecamoebidae,Calditrichaceae,1
Thecamoebidae,Comatulidae,1
Thecamoebidae,Rhodocyclaceae,1
Thecamoebidae,Bacteriovoracaceae,1
Thecamoebidae,Haloferacaceae,1
Thecamoebidae,Rhodothermaceae,1
Thecamoebidae,Saprolegniaceae,1
Thecamoebidae,Rubricoccaceae,1
Thecamoebidae,Ischnomesidae,1
Vannellidae,Entolomataceae,1
Vannellidae,Micropepsaceae,1
Vannellidae,Sphingobacteriaceae,1
Vannellidae,Nitrososphaeraceae,1
Veneridae,Chromadoridae,1
Veneridae,Cymbellaceae,1
Xyalidae,Ectocarpaceae,1
Xyalidae,Myzocytiopsidaceae,1
Xyalidae,Halieaceae,1
Xyalidae,Gracillariidae,1
Xyalidae,Nitrosomonadaceae,1
Xyalidae,Capitellidae,1
Xyalidae,Ruminococcaceae,1
Xyalidae,Thioprofundaceae,1
Zancleidae,Cecidomyiidae,1
Zancleidae,Clavariaceae,1
Zancleidae,Gracilariaceae,1
Zancleidae,Rhabditidae,1
Zancleidae,Culicidae,1
Acanthopleuribacteraceae,Sandaracinaceae,1
Acanthopleuribacteraceae,Coscinodiscaceae,1
Acanthopleuribacteraceae,Cellvibrionaceae,1
Acanthopleuribacteraceae,Chaetocerotaceae,1
Acanthopleuribacteraceae,Flammeovirgaceae,1
Acanthopleuribacteraceae,Gracillariidae,1
Acanthopleuribacteraceae,Cymatosiraceae,1
Acanthopleuribacteraceae,Capitellidae,1
Acanthopleuribacteraceae,Desulfonatronaceae,1
Acanthopleuribacteraceae,Ruminococcaceae,1
Acidiferrobacteraceae,Ectocarpaceae,1
Acidiferrobacteraceae,Geobacteraceae,1
Acidiferrobacteraceae,Pseudomonadaceae,1
Acidiferrobacteraceae,Competibacteraceae,1
Acidiferrobacteraceae,Halobacteriaceae,1
Acidiferrobacteraceae,Culicidae,1
Acidiferrobacteraceae,Ischnomesidae,1
Acidimicrobiaceae,Comamonadaceae,1
Acidimicrobiaceae,Anaeromyxobacteraceae,1
Acidimicrobiaceae,Flavobacteriaceae,1
Acidimicrobiaceae,Gomphonemataceae,1
Acidimicrobiaceae,Cryomorphaceae,1
Acidimicrobiaceae,Rhodobacteraceae,1
Acidimicrobiaceae,Rhodobiaceae,1
Acidimicrobiaceae,Symbiodiniaceae,1
Acidimicrobiaceae,Alcaligenaceae,1
Acidimicrobiaceae,Alcanivoracaceae,1
Acidobacteriaceae,Desulfovibrionaceae,1
Acidobacteriaceae,Hymenobacteraceae,1
Acidobacteriaceae,Amoebophilaceae,1
Acidobacteriaceae,Erythrobacteraceae,1
Acidobacteriaceae,Rhizobiaceae,1
Acidobacteriaceae,Virgulinellidae,1
Acidobacteriaceae,Chaetocerotaceae,1
Acidobacteriaceae,Halymeniaceae,1
Aeromonadaceae,Puniceicoccaceae,1
Aeromonadaceae,Kofleriaceae,1
Aeromonadaceae,Zoogloeaceae,1
Aeromonadaceae,Halomonadaceae,1
Aeromonadaceae,Cyaneidae,1
Alariaceae,Tethyidae,1
Alariaceae,Amoebophilaceae,1
Alariaceae,Caldilineaceae,1
Alariaceae,Ectocarpaceae,1
Alariaceae,Gigartinaceae,1
Alariaceae,Coscinodiscaceae,1
Alariaceae,Chromobacteriaceae,1
Alcaligenaceae,Micrococcaceae,1
Alcaligenaceae,Prayidae,1
Alcaligenaceae,Granulosicoccaceae,1
Alcaligenaceae,Myxococcaceae,1
Alcaligenaceae,Piscirickettsiaceae,1
Alcaligenaceae,Rhodobacteraceae,1
Alcaligenaceae,Acidimicrobiaceae,1
Alcaligenaceae,Nitrosopumilaceae,1
Alcaligenaceae,Methylobacteriaceae,1
Alcanivoracaceae,Ectocarpaceae,1
Alcanivoracaceae,Pinnulariaceae,1
Alcanivoracaceae,Aphanothecaceae,1
Alcanivoracaceae,Coscinodiscaceae,1
Alcanivoracaceae,Gigartinaceae,1
Alcanivoracaceae,Rhodobiaceae,1
Alcanivoracaceae,Rubricoccaceae,1
Alcanivoracaceae,Skeletonemataceae,1
Alcanivoracaceae,Chaetocerotaceae,1
Alcanivoracaceae,Acidimicrobiaceae,1
Alcanivoracaceae,Chlorodendraceae,1
Alcanivoracaceae,Porticoccaceae,1
Alcanivoracaceae,Cymbellaceae,1
Alteromonadaceae,Methylophilaceae,1
Alteromonadaceae,Oceanospirillaceae,1
Alteromonadaceae,Kangiellaceae,1
Alteromonadaceae,Clavariaceae,1
Alteromonadaceae,Nitriliruptoraceae,1
Alteromonadaceae,Polyangiaceae,1
Alteromonadaceae,Halomonadaceae,1
Alteromonadaceae,Thioalkalispiraceae,1
Alteromonadaceae,Cyphoderiidae,1
Amoebophilaceae,Desulfovibrionaceae,1
Amoebophilaceae,Chaetocerotaceae,1
Amoebophilaceae,Berkeleyaceae,1
Amoebophilaceae,Acidobacteriaceae,1
Amoebophilaceae,Desulfarculaceae,1
Amoebophilaceae,Alariaceae,1
Amoebophilaceae,Chthoniobacteraceae,1
Amoebophilaceae,Pseudobacteriovoracaceae,1
Anaerolineaceae,Pinnulariaceae,1
Anaerolineaceae,Ignavibacteriaceae,1
Anaerolineaceae,Naviculaceae,1
Anaerolineaceae,Lentimicrobiaceae,1
Anaerolineaceae,Fusobacteriaceae,1
Anaerolineaceae,Sellaphoraceae,1
Anaerolineaceae,Desulfobulbaceae,1
Anaerolineaceae,Helicobacteraceae,1
Anaerolineaceae,Thioprofundaceae,1
Anaeromyxobacteraceae,Desulfuromonadaceae,1
Anaeromyxobacteraceae,Aurantimonadaceae,1
Anaeromyxobacteraceae,Cyclobacteriaceae,1
Anaeromyxobacteraceae,Halieaceae,1
Anaeromyxobacteraceae,Acidimicrobiaceae,1
Anaeromyxobacteraceae,Bdellovibrionaceae,1
Anaeromyxobacteraceae,Thioprofundaceae,1
Aphanothecaceae,Pinnulariaceae,1
Aphanothecaceae,Tethyidae,1
Aphanothecaceae,Trueperaceae,1
Aphanothecaceae,Ectothiorhodospiraceae,1
Aphanothecaceae,Flavobacteriaceae,1
Aphanothecaceae,Granulosicoccaceae,1
Aphanothecaceae,Ignavibacteriaceae,1
Aphanothecaceae,Moraxellaceae,1
Aphanothecaceae,Gigartinaceae,1
Aphanothecaceae,Woeseiaceae,1
Aphanothecaceae,Planctomycetaceae,1
Aphanothecaceae,Alcanivoracaceae,1
Archangiaceae,Geodermatophilaceae,1
Archangiaceae,Prayidae,1
Archangiaceae,Fragilariaceae,1
Archangiaceae,Phaselicystidaceae,1
Archangiaceae,Kineosporiaceae,1
Archangiaceae,Myxococcaceae,1
Archangiaceae,Noctuidae,1
Ardenticatenaceae,Nostocaceae,1
Ardenticatenaceae,Thiotrichaceae,1
Ardenticatenaceae,Hahellaceae,1
Ardenticatenaceae,Comatulidae,1
Ardenticatenaceae,Thioalkalispiraceae,1
Ardenticatenaceae,Ischnomesidae,1
Arenicellaceae,Colwelliaceae,1
Arenicellaceae,Opitutaceae,1
Arenicellaceae,Plumulariidae,1
Arenicellaceae,Vibrionaceae,1
Arenicellaceae,Pythiaceae,1
Arenicellaceae,Flammeovirgaceae,1
Arenicellaceae,Spongiibacteraceae,1
Arenicellaceae,Culicidae,1
Arenicellaceae,Rubritaleaceae,1
Aurantimonadaceae,Methylophilaceae,1
Aurantimonadaceae,Anaeromyxobacteraceae,1
Aurantimonadaceae,Fragilariaceae,1
Aurantimonadaceae,Kineosporiaceae,1
Aurantimonadaceae,Legionellaceae,1
Aurantimonadaceae,Xanthomonadaceae,1
Aurantimonadaceae,Flavobacteriaceae,1
Aurantimonadaceae,Bdellovibrionaceae,1
Aurantimonadaceae,Nocardioidaceae,1
Bacillaceae,Nitriliruptoraceae,1
Bacillaceae,Planococcaceae,1
Bacillaceae,Lewinellaceae,1
Bacillaceae,Rhodospirillaceae,1
Bacillaceae,Halomonadaceae,1
Bacillaceae,Scytosiphonaceae,1
Bacillariaceae,Agalmatidae,1
Bacillariaceae,Naviculaceae,1
Bacillariaceae,Berkeleyaceae,1
Bacillariaceae,Corynidae,1
Bacillariaceae,Rickettsiaceae,1
Bacteriovoracaceae,Methylophilaceae,1
Bacteriovoracaceae,Thiotrichaceae,1
Bacteriovoracaceae,Calditrichaceae,1
Bacteriovoracaceae,Thecamoebidae,1
Bacteriovoracaceae,Verrucomicrobiaceae,1
Bacteriovoracaceae,Sneathiellaceae,1
Bacteriovoracaceae,Cytophagaceae,1
Bacteriovoracaceae,Halobacteriaceae,1
Bacteriovoracaceae,Desulfonatronaceae,1
Bacteroidaceae,Pyrenomonadaceae,1
Bacteroidaceae,Verrucomicrobiaceae,1
Bacteroidaceae,Crocinitomicaceae,1
Bacteroidaceae,Planctomycetaceae,1
Bacteroidaceae,Spirochaetaceae,1
Bacteroidaceae,Melioribacteraceae,1
Bangiaceae,Caldilineaceae,1
Bangiaceae,Olpidiopsidaceae,1
Bangiaceae,Chromobacteriaceae,1
Bdellovibrionaceae,Burkholderiaceae,1
Bdellovibrionaceae,Methylophilaceae,1
Bdellovibrionaceae,Anaeromyxobacteraceae,1
Bdellovibrionaceae,Oxalobacteraceae,1
Bdellovibrionaceae,Caulobacteraceae,1
Bdellovibrionaceae,Aurantimonadaceae,1
Bdellovibrionaceae,Xanthomonadaceae,1
Bdellovibrionaceae,Hyalospheniidae,1
Bdellovibrionaceae,Methylococcaceae,1
Beijerinckiaceae,Entolomataceae,1
Beijerinckiaceae,Desulfuromonadaceae,1
Beijerinckiaceae,Oceanospirillaceae,1
Beijerinckiaceae,Saprospiraceae,1
Beijerinckiaceae,Legionellaceae,1
Beijerinckiaceae,Polyangiaceae,1
Beijerinckiaceae,Methylobacteriaceae,1
Burkholderiaceae,Methylophilaceae,1
Burkholderiaceae,Pseudomonadaceae,1
Burkholderiaceae,Comamonadaceae,1
Burkholderiaceae,Chitinophagaceae,1
Burkholderiaceae,Bdellovibrionaceae,1
Caldilineaceae,Saccharospirillaceae,1
Caldilineaceae,Gigartinaceae,1
Caldilineaceae,Hyphomonadaceae,1
Caldilineaceae,Erythrotrichiaceae,1
Caldilineaceae,Moraxellaceae,1
Caldilineaceae,Raphidomonadidae,1
Caldilineaceae,Cytophagaceae,1
Caldilineaceae,Noctuidae,1
Caldilineaceae,Olpidiopsidaceae,1
Caldilineaceae,Chromobacteriaceae,1
Caldilineaceae,Alariaceae,1
Caldilineaceae,Bangiaceae,1
Calditrichaceae,Pseudomonadaceae,1
Calditrichaceae,Pinnulariaceae,1
Calditrichaceae,Alpheidae,1
Calditrichaceae,Competibacteraceae,1
Calditrichaceae,Hahellaceae,1
Calditrichaceae,Rhodocyclaceae,1
Calditrichaceae,Bacteriovoracaceae,1
Calditrichaceae,Rhodothermaceae,1
Calditrichaceae,Rubricoccaceae,1
Calditrichaceae,Desulfobulbaceae,1
Calditrichaceae,Nostocaceae,1
Calditrichaceae,Hyphomicrobiaceae,1
Calditrichaceae,Thecamoebidae,1
Calditrichaceae,Ignavibacteriaceae,1
Calditrichaceae,Corallinaceae,1
Campylobacteraceae,Clostridiales.Family.XII..Incertae.Sedis,1
Campylobacteraceae,Shewanellaceae,1
Campylobacteraceae,Vibrionaceae,1
Campylobacteraceae,Crocinitomicaceae,1
Campylobacteraceae,Moritellaceae,1
Campylobacteraceae,Rhodanobacteraceae,1
Campylobacteraceae,Hahellaceae,1
Campylobacteraceae,Kofleriaceae,1
Campylobacteraceae,Bougainvilliidae,1
Campylobacteraceae,Noctuidae,1
Campylobacteraceae,Fusobacteriaceae,1
Campylobacteraceae,Clostridiaceae,1
Candidatus.Brocadiaceae,Geobacteraceae,1
Candidatus.Brocadiaceae,Agalmatidae,1
Candidatus.Brocadiaceae,Microbulbiferaceae,1
Candidatus.Brocadiaceae,Pyrenomonadaceae,1
Candidatus.Brocadiaceae,Catenulaceae,1
Candidatus.Brocadiaceae,Cymatosiraceae,1
Candidatus.Brocadiaceae,Braconidae,1
Catenulaceae,Agalmatidae,1
Catenulaceae,Pinnulariaceae,1
Catenulaceae,Glabratellidae,1
Catenulaceae,Candidatus.Brocadiaceae,1
Catenulaceae,Bacillariaceae,1
Catenulaceae,Naviculaceae,1
Catenulaceae,Chroomonadaceae,1
Catenulaceae,Thalassiosiraceae,1
Caulobacteraceae,Methylophilaceae,1
Caulobacteraceae,Psychromonadaceae,1
Caulobacteraceae,Opitutaceae,1
Caulobacteraceae,Micrococcaceae,1
Caulobacteraceae,Oxalobacteraceae,1
Caulobacteraceae,Sinobacteraceae,1
Caulobacteraceae,Sphingobacteriaceae,1
Caulobacteraceae,Bdellovibrionaceae,1
Caulobacteraceae,Gemmataceae,1
Caulobacteraceae,Gemmatimonadaceae,1
Cellvibrionaceae,Hahellaceae,1
Cellvibrionaceae,Rhodobacteraceae,1
Cellvibrionaceae,Cymatosiraceae,1
Cellvibrionaceae,Nitriliruptoraceae,1
Cellvibrionaceae,Kallymeniaceae,1
Cellvibrionaceae,Ectothiorhodospiraceae,1
Cellvibrionaceae,Erythrobacteraceae,1
Cellvibrionaceae,Mesotaeniaceae,1
Cellvibrionaceae,Clavariaceae,1
Cellvibrionaceae,Acanthopleuribacteraceae,1
Cellvibrionaceae,Planococcaceae,1
Cellvibrionaceae,Culicidae,1
Cellvibrionaceae,Thalassiosiraceae,1
Chaetocerotaceae,Amoebophilaceae,1
Chaetocerotaceae,Coscinodiscaceae,1
Chaetocerotaceae,Cymatosiraceae,1
Chaetocerotaceae,Rubricoccaceae,1
Chaetocerotaceae,Skeletonemataceae,1
Chaetocerotaceae,Thalassiosiraceae,1
Chaetocerotaceae,Acanthopleuribacteraceae,1
Chaetocerotaceae,Comatulidae,1
Chaetocerotaceae,Acidobacteriaceae,1
Chaetocerotaceae,Chromobacteriaceae,1
Chaetocerotaceae,Gallionellaceae,1
Chaetocerotaceae,Alcanivoracaceae,1
Chaetocerotaceae,Pseudobacteriovoracaceae,1
Chitinophagaceae,Burkholderiaceae,1
Chitinophagaceae,Hymenobacteraceae,1
Chitinophagaceae,Comamonadaceae,1
Chitinophagaceae,Oxalobacteraceae,1
Chitinophagaceae,Sinobacteraceae,1
Chitinophagaceae,Rhizobiaceae,1
Chitinophagaceae,Rhodanobacteraceae,1
Chitinophagaceae,Pythiaceae,1
Chitinophagaceae,Sphingomonadaceae,1
Chitinophagaceae,Cochliopodiidae,1
Chitinophagaceae,Xanthomonadaceae,1
Chlorodendraceae,Pinnulariaceae,1
Chlorodendraceae,Microbulbiferaceae,1
Chlorodendraceae,Chordariaceae,1
Chlorodendraceae,Ignavibacteriaceae,1
Chlorodendraceae,Naviculaceae,1
Chlorodendraceae,Planctomycetaceae,1
Chlorodendraceae,Lentimicrobiaceae,1
Chlorodendraceae,Berkeleyaceae,1
Chlorodendraceae,Pleurosigmataceae,1
Chlorodendraceae,Corynidae,1
Chlorodendraceae,Thalassiosiraceae,1
Chlorodendraceae,Alcanivoracaceae,1
Chromatiaceae,Hyphomicrobiaceae,1
Chromatiaceae,Puniceicoccaceae,1
Chromatiaceae,Phyllobacteriaceae,1
Chromatiaceae,Nitriliruptoraceae,1
Chromatiaceae,Chromobacteriaceae,1
Chromatiaceae,Halymeniaceae,1
Chromobacteriaceae,Caldilineaceae,1
Chromobacteriaceae,Hyphomonadaceae,1
Chromobacteriaceae,Phyllobacteriaceae,1
Chromobacteriaceae,Chaetocerotaceae,1
Chromobacteriaceae,Rhodocyclaceae,1
Chromobacteriaceae,Chromatiaceae,1
Chromobacteriaceae,Alariaceae,1
Chromobacteriaceae,Bangiaceae,1
Chromobacteriaceae,Rubricoccaceae,1
Chromobacteriaceae,Desulfobulbaceae,1
Chroomonadaceae,Agalmatidae,1
Chroomonadaceae,Pyrenomonadaceae,1
Chroomonadaceae,Catenulaceae,1
Chroomonadaceae,Gymnodiniaceae,1
Chthoniobacteraceae,Amoebophilaceae,1
Chthoniobacteraceae,Rhodobacteraceae,1
Chthoniobacteraceae,Rhodomelaceae,1
Chthoniobacteraceae,Streptomycetaceae,1
Chthoniobacteraceae,Pseudobacteriovoracaceae,1
Clostridiaceae,Campylobacteraceae,1
Clostridiaceae,Chromadoridae,1
Clostridiaceae,Fusobacteriaceae,1
Clostridiaceae,Marinilabiliaceae,1
Clostridiales.Family.XII..Incertae.Sedis,Campylobacteraceae,1
Clostridiales.Family.XII..Incertae.Sedis,Vibrionaceae,1
Clostridiales.Family.XII..Incertae.Sedis,Gallionellaceae,1
Colwelliaceae,Saccharospirillaceae,1
Colwelliaceae,Oceanospirillaceae,1
Colwelliaceae,Comamonadaceae,1
Colwelliaceae,Kangiellaceae,1
Colwelliaceae,Moritellaceae,1
Colwelliaceae,Arenicellaceae,1
Colwelliaceae,Rhodobiaceae,1
Colwelliaceae,Noctuidae,1
Colwelliaceae,Prolixibacteraceae,1
Colwelliaceae,Methylobacteriaceae,1
Colwelliaceae,Pseudoalteromonadaceae,1
Colwelliaceae,Rubritaleaceae,1
Comamonadaceae,Colwelliaceae,1
Comamonadaceae,Flavobacteriaceae,1
Comamonadaceae,Haliscomenobacteraceae,1
Comamonadaceae,Zoogloeaceae,1
Comamonadaceae,Hartmannellidae,1
Comamonadaceae,Burkholderiaceae,1
Comamonadaceae,Desulfovibrionaceae,1
Comamonadaceae,Hymenobacteraceae,1
Comamonadaceae,Hyphomonadaceae,1
Comamonadaceae,Ferrimonadaceae,1
Comamonadaceae,Chitinophagaceae,1
Comamonadaceae,Spongiibacteraceae,1
Comamonadaceae,Acidimicrobiaceae,1
Comamonadaceae,Cyaneidae,1
Comamonadaceae,Gemmatimonadaceae,1
Competibacteraceae,Ectocarpaceae,1
Competibacteraceae,Verrucomicrobiaceae,1
Competibacteraceae,Hahellaceae,1
Competibacteraceae,Halieaceae,1
Competibacteraceae,Nitriliruptoraceae,1
Competibacteraceae,Rhodocyclaceae,1
Competibacteraceae,Kallymeniaceae,1
Competibacteraceae,Calditrichaceae,1
Competibacteraceae,Parvularculaceae,1
Competibacteraceae,Euzebyaceae,1
Competibacteraceae,Comatulidae,1
Competibacteraceae,Acidiferrobacteraceae,1
Competibacteraceae,Lewinellaceae,1
Competibacteraceae,Prolixibacteraceae,1
Competibacteraceae,Thioalkalispiraceae,1
Coscinodiscaceae,Pinnulariaceae,1
Coscinodiscaceae,Gigartinaceae,1
Coscinodiscaceae,Dermocarpellaceae,1
Coscinodiscaceae,Rubricoccaceae,1
Coscinodiscaceae,Saccharospirillaceae,1
Coscinodiscaceae,Ferrimonadaceae,1
Coscinodiscaceae,Acanthopleuribacteraceae,1
Coscinodiscaceae,Chaetocerotaceae,1
Coscinodiscaceae,Corallinaceae,1
Coscinodiscaceae,Porticoccaceae,1
Coscinodiscaceae,Alariaceae,1
Coscinodiscaceae,Alcanivoracaceae,1
Coscinodiscaceae,Pseudobacteriovoracaceae,1
Coxiellaceae,Entolomataceae,1
Coxiellaceae,Trueperaceae,1
Coxiellaceae,Iamiaceae,1
Coxiellaceae,Kofleriaceae,1
Coxiellaceae,Woeseiaceae,1
Coxiellaceae,Planctomycetaceae,1
Crocinitomicaceae,Thalassiosiraceae,1
Crocinitomicaceae,Campylobacteraceae,1
Crocinitomicaceae,Shewanellaceae,1
Crocinitomicaceae,Corallinaceae,1
Crocinitomicaceae,Niphargidae,1
Crocinitomicaceae,Rhodomelaceae,1
Crocinitomicaceae,Hesperiidae,1
Crocinitomicaceae,Bacteroidaceae,1
Crocinitomicaceae,Rubritaleaceae,1
Cryomorphaceae,Hyphomonadaceae,1
Cryomorphaceae,Ectothiorhodospiraceae,1
Cryomorphaceae,Flavobacteriaceae,1
Cryomorphaceae,Gigartinaceae,1
Cryomorphaceae,Rhodobiaceae,1
Cryomorphaceae,Gymnodiniaceae,1
Cryomorphaceae,Acidimicrobiaceae,1
Cryomorphaceae,Noctuidae,1
Cyclobacteriaceae,Methylophilaceae,1
Cyclobacteriaceae,Anaeromyxobacteraceae,1
Cyclobacteriaceae,Haematococcaceae,1
Cyclobacteriaceae,Xanthomonadaceae,1
Cyclobacteriaceae,Gallionellaceae,1
Cymatosiraceae,Desulfovibrionaceae,1
Cymatosiraceae,Microbulbiferaceae,1
Cymatosiraceae,Pyrenomonadaceae,1
Cymatosiraceae,Candidatus.Brocadiaceae,1
Cymatosiraceae,Erythrobacteraceae,1
Cymatosiraceae,Cellvibrionaceae,1
Cymatosiraceae,Sphingomonadaceae,1
Cymatosiraceae,Acanthopleuribacteraceae,1
Cymatosiraceae,Chaetocerotaceae,1
Cymatosiraceae,Planctomycetaceae,1
Cymatosiraceae,Pleurosigmataceae,1
Cymatosiraceae,Rickettsiaceae,1
Cytophagaceae,Caldilineaceae,1
Cytophagaceae,Opitutaceae,1
Cytophagaceae,Verrucomicrobia.subdivision.3,1
Cytophagaceae,Niphargidae,1
Cytophagaceae,Bacteriovoracaceae,1
Cytophagaceae,Nitrosopumilaceae,1
Cytophagaceae,Rhodothermaceae,1
Cytophagaceae,Saprolegniaceae,1
Dermocarpellaceae,Alpheidae,1
Dermocarpellaceae,Chaetonotidae,1
Dermocarpellaceae,Ectocarpaceae,1
Dermocarpellaceae,Coscinodiscaceae,1
Dermocarpellaceae,Pythiaceae,1
Dermocarpellaceae,Ferrimonadaceae,1
Dermocarpellaceae,Fragilariaceae,1
Desulfarculaceae,Amoebophilaceae,1
Desulfarculaceae,Microbulbiferaceae,1
Desulfarculaceae,Phaselicystidaceae,1
Desulfarculaceae,Lentimicrobiaceae,1
Desulfarculaceae,Rhodomelaceae,1
Desulfarculaceae,Pleurosigmataceae,1
Desulfarculaceae,Halymeniaceae,1
Desulfarculaceae,Desulfonatronaceae,1
Desulfarculaceae,Pseudobacteriovoracaceae,1
Desulfobacteraceae,Desulfuromonadaceae,1
Desulfobacteraceae,Ignavibacteriaceae,1
Desulfobacteraceae,Marinilabiliaceae,1
Desulfobacteraceae,Desulfobulbaceae,1
Desulfobacteraceae,Helicobacteraceae,1
Desulfobacteraceae,Thioalkalispiraceae,1
Desulfobulbaceae,Pseudomonadaceae,1
Desulfobulbaceae,Anaerolineaceae,1
Desulfobulbaceae,Wenzhouxiangellaceae,1
Desulfobulbaceae,Desulfobacteraceae,1
Desulfobulbaceae,Sellaphoraceae,1
Desulfobulbaceae,Desulfuromonadaceae,1
Desulfobulbaceae,Sandaracinaceae,1
Desulfobulbaceae,Calditrichaceae,1
Desulfobulbaceae,Ignavibacteriaceae,1
Desulfobulbaceae,Phyllobacteriaceae,1
Desulfobulbaceae,Spirochaetaceae,1
Desulfobulbaceae,Fusobacteriaceae,1
Desulfobulbaceae,Chromobacteriaceae,1
Desulfobulbaceae,Marinilabiliaceae,1
Desulfonatronaceae,Lymnaeidae,1
Desulfonatronaceae,Ignavibacteriaceae,1
Desulfonatronaceae,Acanthopleuribacteraceae,1
Desulfonatronaceae,Halobacteriaceae,1
Desulfonatronaceae,Bacteriovoracaceae,1
Desulfonatronaceae,Desulfarculaceae,1
Desulfonatronaceae,Gaiellaceae,1
Desulfonatronaceae,Helicobacteraceae,1
Desulfonatronaceae,Ruminococcaceae,1
Desulfovibrionaceae,Amoebophilaceae,1
Desulfovibrionaceae,Comamonadaceae,1
Desulfovibrionaceae,Anisolpidiaceae,1
Desulfovibrionaceae,Erythrobacteraceae,1
Desulfovibrionaceae,Cymatosiraceae,1
Desulfovibrionaceae,Acidobacteriaceae,1
Desulfovibrionaceae,Syntrophaceae,1
Desulfuromonadaceae,Anaeromyxobacteraceae,1
Desulfuromonadaceae,Wenzhouxiangellaceae,1
Desulfuromonadaceae,Fusobacteriaceae,1
Desulfuromonadaceae,Marinilabiliaceae,1
Desulfuromonadaceae,Desulfobacteraceae,1
Desulfuromonadaceae,Desulfobulbaceae,1
Desulfuromonadaceae,Beijerinckiaceae,1
Ectocarpaceae,Chordariaceae,1
Ectocarpaceae,Erythrotrichiaceae,1
Ectocarpaceae,Dermocarpellaceae,1
Ectocarpaceae,Alariaceae,1
Ectothiorhodospiraceae,Lithodesmiaceae,1
Ectothiorhodospiraceae,Aphanothecaceae,1
Ectothiorhodospiraceae,Cellvibrionaceae,1
Ectothiorhodospiraceae,Cryomorphaceae,1
Ectothiorhodospiraceae,Rhodobacteraceae,1
Ectothiorhodospiraceae,Woeseiaceae,1
Ectothiorhodospiraceae,Planctomycetaceae,1
Ectothiorhodospiraceae,Corynidae,1
Erythrobacteraceae,Cymatosiraceae,1
Erythrobacteraceae,Nitriliruptoraceae,1
Erythrobacteraceae,Hesperiidae,1
Erythrobacteraceae,Desulfovibrionaceae,1
Erythrobacteraceae,Hymenobacteraceae,1
Erythrobacteraceae,Thalassiosiraceae,1
Erythrobacteraceae,Euzebyaceae,1
Erythrobacteraceae,Myzocytiopsidaceae,1
Erythrobacteraceae,Cellvibrionaceae,1
Erythrobacteraceae,Sphingomonadaceae,1
Erythrobacteraceae,Planococcaceae,1
Erythrobacteraceae,Acidobacteriaceae,1
Erythrobacteraceae,Thioprofundaceae,1
Erythrotrichiaceae,Acrochaetiaceae,1
Erythrotrichiaceae,Caldilineaceae,1
Erythrotrichiaceae,Ectocarpaceae,1
Erythrotrichiaceae,Gigartinaceae,1
Erythrotrichiaceae,Erythropeltidaceae,1
Erythrotrichiaceae,Corallinaceae,1
Erythrotrichiaceae,Holophagaceae,1
Euzebyaceae,Competibacteraceae,1
Euzebyaceae,Erythrobacteraceae,1
Euzebyaceae,Nitriliruptoraceae,1
Euzebyaceae,Planococcaceae,1
Euzebyaceae,Rhodocyclaceae,1
Ferrimonadaceae,Comamonadaceae,1
Ferrimonadaceae,Coscinodiscaceae,1
Ferrimonadaceae,Pycnococcaceae,1
Ferrimonadaceae,Moritellaceae,1
Ferrimonadaceae,Dermocarpellaceae,1
Flammeovirgaceae,Geobacteraceae,1
Flammeovirgaceae,Hyphomonadaceae,1
Flammeovirgaceae,Phyllobacteriaceae,1
Flammeovirgaceae,Arenicellaceae,1
Flammeovirgaceae,Acanthopleuribacteraceae,1
Flammeovirgaceae,Lewinellaceae,1
Flammeovirgaceae,Halomonadaceae,1
Flavobacteriaceae,Thiotrichaceae,1
Flavobacteriaceae,Psychromonadaceae,1
Flavobacteriaceae,Verrucomicrobia.subdivision.3,1
Flavobacteriaceae,Kineosporiaceae,1
Flavobacteriaceae,Aurantimonadaceae,1
Flavobacteriaceae,Haliscomenobacteraceae,1
Flavobacteriaceae,Lewinellaceae,1
Flavobacteriaceae,Methylobacteriaceae,1
Flavobacteriaceae,Gemmatimonadaceae,1
Flavobacteriaceae,Thioprofundaceae,1
Fragilariaceae,Nostocaceae,1
Fragilariaceae,Thiotrichaceae,1
Fragilariaceae,Naviculaceae,1
Fragilariaceae,Dermocarpellaceae,1
Fusobacteriaceae,Desulfuromonadaceae,1
Fusobacteriaceae,Anaerolineaceae,1
Fusobacteriaceae,Campylobacteraceae,1
Fusobacteriaceae,Shewanellaceae,1
Fusobacteriaceae,Hesperiidae,1
Fusobacteriaceae,Marinilabiliaceae,1
Fusobacteriaceae,Thalassiosiraceae,1
Fusobacteriaceae,Campanulariidae,1
Fusobacteriaceae,Desulfobulbaceae,1
Fusobacteriaceae,Clostridiaceae,1
Gaiellaceae,Geobacteraceae,1
Gaiellaceae,Halobacteriaceae,1
Gaiellaceae,Haloferacaceae,1
Gaiellaceae,Desulfonatronaceae,1
Gallionellaceae,Clostridiales.Family.XII..Incertae.Sedis,1
Gallionellaceae,Chaetocerotaceae,1
Gallionellaceae,Cyclobacteriaceae,1
Gallionellaceae,Holophagaceae,1
Gallionellaceae,Pseudobacteriovoracaceae,1
Gemmataceae,Geodermatophilaceae,1
Gemmataceae,Microbacteriaceae,1
Gemmataceae,Micropepsaceae,1
Gemmataceae,Pyrinomonadaceae,1
Gemmataceae,Myxococcaceae,1
Gemmataceae,Nitrosopumilaceae,1
Gemmataceae,Rhodothermaceae,1
Gemmataceae,Opitutaceae,1
Gemmataceae,Oxalobacteraceae,1
Gemmataceae,Sinobacteraceae,1
Gemmataceae,Caulobacteraceae,1
Gemmataceae,Kineosporiaceae,1
Gemmataceae,Sphingobacteriaceae,1
Gemmataceae,Nectriaceae,1
Gemmataceae,Methylobacteriaceae,1
Gemmatimonadaceae,Microbacteriaceae,1
Gemmatimonadaceae,Comamonadaceae,1
Gemmatimonadaceae,Verrucomicrobia.subdivision.3,1
Gemmatimonadaceae,Micrococcaceae,1
Gemmatimonadaceae,Rhizobiaceae,1
Gemmatimonadaceae,Myxococcaceae,1
Gemmatimonadaceae,Hartmannellidae,1
Gemmatimonadaceae,Nitrososphaeraceae,1
Gemmatimonadaceae,Hyphomicrobiaceae,1
Gemmatimonadaceae,Opitutaceae,1
Gemmatimonadaceae,Caulobacteraceae,1
Gemmatimonadaceae,Nectriaceae,1
Gemmatimonadaceae,Flavobacteriaceae,1
Gemmatimonadaceae,Polyangiaceae,1
Geobacteraceae,Candidatus.Brocadiaceae,1
Geobacteraceae,Ignavibacteriaceae,1
Geobacteraceae,Sneathiellaceae,1
Geobacteraceae,Flammeovirgaceae,1
Geobacteraceae,Acidiferrobacteraceae,1
Geobacteraceae,Gaiellaceae,1
Geobacteraceae,Melioribacteraceae,1
Geodermatophilaceae,Verrucomicrobia.subdivision.3,1
Geodermatophilaceae,Micrococcaceae,1
Geodermatophilaceae,Archangiaceae,1
Geodermatophilaceae,Myxococcaceae,1
Geodermatophilaceae,Piscirickettsiaceae,1
Geodermatophilaceae,Woeseiaceae,1
Geodermatophilaceae,Nitrosopumilaceae,1
Geodermatophilaceae,Gemmataceae,1
Geodermatophilaceae,Nitrospiraceae,1
Gigartinaceae,Caldilineaceae,1
Gigartinaceae,Coscinodiscaceae,1
Gigartinaceae,Apolemiidae,1
Gigartinaceae,Erythrotrichiaceae,1
Gigartinaceae,Phyllobacteriaceae,1
Gigartinaceae,Alariaceae,1
Glabratellidae,Catenulaceae,1
Glabratellidae,Virgulinellidae,1
Glabratellidae,Moritellaceae,1
Glabratellidae,Planococcaceae,1
Glabratellidae,Rhodocyclaceae,1
Glabratellidae,Zoogloeaceae,1
Glabratellidae,Pleurosigmataceae,1
Glabratellidae,Nitrospinaceae,1
Glabratellidae,Rubritaleaceae,1
Glabratellidae,Pennariidae,1
Granulosicoccaceae,Trueperaceae,1
Granulosicoccaceae,Verrucomicrobia.subdivision.3,1
Granulosicoccaceae,Aphanothecaceae,1
Granulosicoccaceae,Parvularculaceae,1
Granulosicoccaceae,Haematococcaceae,1
Granulosicoccaceae,Rhodobacteraceae,1
Granulosicoccaceae,Woeseiaceae,1
Granulosicoccaceae,Nitriliruptoraceae,1
Granulosicoccaceae,Rhodothermaceae,1
Granulosicoccaceae,Alcaligenaceae,1
Gymnodiniaceae,Puniceicoccaceae,1
Gymnodiniaceae,Chroomonadaceae,1
Haematococcaceae,Granulosicoccaceae,1
Haematococcaceae,Fragilariaceae,1
Haematococcaceae,Moraxellaceae,1
Haematococcaceae,Cyclobacteriaceae,1
Hahellaceae,Thiotrichaceae,1
Hahellaceae,Erebidae,1
Hahellaceae,Competibacteraceae,1
Hahellaceae,Ardenticatenaceae,1
Hahellaceae,Nitriliruptoraceae,1
Hahellaceae,Rhodocyclaceae,1
Hahellaceae,Hesperiidae,1
Hahellaceae,Kallymeniaceae,1
Hahellaceae,Thalassiosiraceae,1
Hahellaceae,Calditrichaceae,1
Hahellaceae,Campylobacteraceae,1
Hahellaceae,Cellvibrionaceae,1
Hahellaceae,Kofleriaceae,1
Hahellaceae,Comatulidae,1
Hahellaceae,Culicidae,1
Halieaceae,Ectocarpaceae,1
Halieaceae,Anaeromyxobacteraceae,1
Halieaceae,Competibacteraceae,1
Halieaceae,Vibrionaceae,1
Halieaceae,Virgulinellidae,1
Halieaceae,Apusomonadidae,1
Halieaceae,Moritellaceae,1
Halieaceae,Rhabditidae,1
Halieaceae,Rhodocyclaceae,1
Halieaceae,Haloferacaceae,1
Halieaceae,Halomonadaceae,1
Halieaceae,Rubritaleaceae,1
Halieaceae,Skeletonemataceae,1
Halieaceae,Nostocaceae,1
Halieaceae,Xyalidae,1
Halieaceae,Planococcaceae,1
Halieaceae,Lewinellaceae,1
Halieaceae,Pleurosigmataceae,1
Halieaceae,Prolixibacteraceae,1
Haliscomenobacteraceae,Thiotrichaceae,1
Haliscomenobacteraceae,Comamonadaceae,1
Haliscomenobacteraceae,Gigartinaceae,1
Haliscomenobacteraceae,Flavobacteriaceae,1
Haliscomenobacteraceae,Marinifilaceae,1
Haliscomenobacteraceae,Thioprofundaceae,1
Halobacteriaceae,Sneathiellaceae,1
Halobacteriaceae,Kofleriaceae,1
Halobacteriaceae,Acidiferrobacteraceae,1
Halobacteriaceae,Bacteriovoracaceae,1
Halobacteriaceae,Haloferacaceae,1
Halobacteriaceae,Gaiellaceae,1
Halobacteriaceae,Desulfonatronaceae,1
Haloferacaceae,Chlorellaceae,1
Haloferacaceae,Thecamoebidae,1
Haloferacaceae,Sneathiellaceae,1
Haloferacaceae,Halieaceae,1
Haloferacaceae,Rhodocyclaceae,1
Haloferacaceae,Halobacteriaceae,1
Haloferacaceae,Gaiellaceae,1
Haloferacaceae,Rubricoccaceae,1
Halomonadaceae,Alteromonadaceae,1
Halomonadaceae,Flammeovirgaceae,1
Halomonadaceae,Halieaceae,1
Halomonadaceae,Bacillaceae,1
Halomonadaceae,Planococcaceae,1
Halomonadaceae,Rhodocyclaceae,1
Halomonadaceae,Aeromonadaceae,1
Halomonadaceae,Scytosiphonaceae,1
Halymeniaceae,Saprospiraceae,1
Halymeniaceae,Virgulinellidae,1
Halymeniaceae,Cochliopodiidae,1
Halymeniaceae,Acidobacteriaceae,1
Halymeniaceae,Chromatiaceae,1
Halymeniaceae,Desulfarculaceae,1
Halymeniaceae,Rubritaleaceae,1
Halymeniaceae,Pseudobacteriovoracaceae,1
Helicobacteraceae,Pseudomonadaceae,1
Helicobacteraceae,Pinnulariaceae,1
Helicobacteraceae,Anaerolineaceae,1
Helicobacteraceae,Verrucomicrobiaceae,1
Helicobacteraceae,Planctomycetaceae,1
Helicobacteraceae,Spirochaetaceae,1
Helicobacteraceae,Desulfobacteraceae,1
Helicobacteraceae,Desulfonatronaceae,1
Helicobacteraceae,Ruminococcaceae,1
Holophagaceae,Saccharospirillaceae,1
Holophagaceae,Gigartinaceae,1
Holophagaceae,Hyphomonadaceae,1
Holophagaceae,Erythrotrichiaceae,1
Holophagaceae,Gallionellaceae,1
Holophagaceae,Rubritaleaceae,1
Holophagaceae,Pseudobacteriovoracaceae,1
Hymenobacteraceae,Comamonadaceae,1
Hymenobacteraceae,Erythrobacteraceae,1
Hymenobacteraceae,Xanthomonadaceae,1
Hymenobacteraceae,Chitinophagaceae,1
Hymenobacteraceae,Planococcaceae,1
Hymenobacteraceae,Acidobacteriaceae,1
Hymenobacteraceae,Nocardioidaceae,1
Hymenobacteraceae,Thioprofundaceae,1
Hyphomicrobiaceae,Thiotrichaceae,1
Hyphomicrobiaceae,Calditrichaceae,1
Hyphomicrobiaceae,Lithodesmiaceae,1
Hyphomicrobiaceae,Verrucomicrobiaceae,1
Hyphomicrobiaceae,Phyllobacteriaceae,1
Hyphomicrobiaceae,Sphingobacteriaceae,1
Hyphomicrobiaceae,Wenzhouxiangellaceae,1
Hyphomicrobiaceae,Myxococcaceae,1
Hyphomicrobiaceae,Rhodospirillaceae,1
Hyphomicrobiaceae,Chromatiaceae,1
Hyphomicrobiaceae,Polyangiaceae,1
Hyphomicrobiaceae,Gemmatimonadaceae,1
Hyphomonadaceae,Acrochaetiaceae,1
Hyphomonadaceae,Comamonadaceae,1
Hyphomonadaceae,Flavobacteriaceae,1
Hyphomonadaceae,Moraxellaceae,1
Hyphomonadaceae,Gigartinaceae,1
Hyphomonadaceae,Cryomorphaceae,1
Hyphomonadaceae,Woeseiaceae,1
Hyphomonadaceae,Rhodobiaceae,1
Hyphomonadaceae,Rubritaleaceae,1
Hyphomonadaceae,Holophagaceae,1
Hyphomonadaceae,Saccharospirillaceae,1
Hyphomonadaceae,Caldilineaceae,1
Hyphomonadaceae,Phyllobacteriaceae,1
Hyphomonadaceae,Flammeovirgaceae,1
Hyphomonadaceae,Spongiibacteraceae,1
Hyphomonadaceae,Lewinellaceae,1
Hyphomonadaceae,Symbiodiniaceae,1
Hyphomonadaceae,Chromobacteriaceae,1
Iamiaceae,Tethyidae,1
Iamiaceae,Flavobacteriaceae,1
Iamiaceae,Coxiellaceae,1
Iamiaceae,Woeseiaceae,1
Iamiaceae,Planctomycetaceae,1
Iamiaceae,Rhodobiaceae,1
Iamiaceae,Symbiodiniaceae,1
Iamiaceae,Marinilabiliaceae,1
Iamiaceae,Sertulariidae,1
Ignavibacteriaceae,Geobacteraceae,1
Ignavibacteriaceae,Pinnulariaceae,1
Ignavibacteriaceae,Anaerolineaceae,1
Ignavibacteriaceae,Aphanothecaceae,1
Ignavibacteriaceae,Desulfobacteraceae,1
Ignavibacteriaceae,Desulfobulbaceae,1
Ignavibacteriaceae,Desulfonatronaceae,1
Ignavibacteriaceae,Calditrichaceae,1
Ignavibacteriaceae,Saprospiraceae,1
Ignavibacteriaceae,Mesotaeniaceae,1
Ignavibacteriaceae,Mitrocomidae,1
Ignavibacteriaceae,Spirochaetaceae,1
Ignavibacteriaceae,Chlorodendraceae,1
Ignavibacteriaceae,Marinilabiliaceae,1
Ignavibacteriaceae,Melioribacteraceae,1
Kangiellaceae,Alteromonadaceae,1
Kangiellaceae,Colwelliaceae,1
Kangiellaceae,Nectriaceae,1
Kineosporiaceae,Archangiaceae,1
Kineosporiaceae,Myxococcaceae,1
Kineosporiaceae,Aurantimonadaceae,1
Kineosporiaceae,Legionellaceae,1
Kineosporiaceae,Flavobacteriaceae,1
Kineosporiaceae,Gemmataceae,1
Kineosporiaceae,Nocardioidaceae,1
Kofleriaceae,Campylobacteraceae,1
Kofleriaceae,Coxiellaceae,1
Kofleriaceae,Hahellaceae,1
Kofleriaceae,Planctomycetaceae,1
Kofleriaceae,Halobacteriaceae,1
Kofleriaceae,Aeromonadaceae,1
Kofleriaceae,Thalassiosiraceae,1
Legionellaceae,Saprospiraceae,1
Legionellaceae,Kineosporiaceae,1
Legionellaceae,Aurantimonadaceae,1
Legionellaceae,Rhodothermaceae,1
Legionellaceae,Methylobacteriaceae,1
Legionellaceae,Beijerinckiaceae,1
Lentimicrobiaceae,Anaerolineaceae,1
Lentimicrobiaceae,Apusomonadidae,1
Lentimicrobiaceae,Berkeleyaceae,1
Lentimicrobiaceae,Chlorodendraceae,1
Lentimicrobiaceae,Pleurosigmataceae,1
Lentimicrobiaceae,Desulfarculaceae,1
Lentimicrobiaceae,Melioribacteraceae,1
Lentimicrobiaceae,Capitellidae,1
Lentimicrobiaceae,Ruminococcaceae,1
Lewinellaceae,Hyphomonadaceae,1
Lewinellaceae,Competibacteraceae,1
Lewinellaceae,Phyllobacteriaceae,1
Lewinellaceae,Flammeovirgaceae,1
Lewinellaceae,Halieaceae,1
Lewinellaceae,Bacillaceae,1
Lewinellaceae,Flavobacteriaceae,1
Lewinellaceae,Symbiodiniaceae,1
Marinifilaceae,Chaetonotidae,1
Marinifilaceae,Pycnococcaceae,1
Marinifilaceae,Haliscomenobacteraceae,1
Marinifilaceae,Prolixibacteraceae,1
Marinilabiliaceae,Desulfuromonadaceae,1
Marinilabiliaceae,Saprospiraceae,1
Marinilabiliaceae,Iamiaceae,1
Marinilabiliaceae,Ignavibacteriaceae,1
Marinilabiliaceae,Fusobacteriaceae,1
Marinilabiliaceae,Desulfobacteraceae,1
Marinilabiliaceae,Melioribacteraceae,1
Marinilabiliaceae,Desulfobulbaceae,1
Marinilabiliaceae,Clostridiaceae,1
Melioribacteraceae,Geobacteraceae,1
Melioribacteraceae,Pseudomonadaceae,1
Melioribacteraceae,Ignavibacteriaceae,1
Melioribacteraceae,Mesotaeniaceae,1
Melioribacteraceae,Lentimicrobiaceae,1
Melioribacteraceae,Bacteroidaceae,1
Melioribacteraceae,Marinilabiliaceae,1
Melioribacteraceae,Ruminococcaceae,1
Methylobacteriaceae,Colwelliaceae,1
Methylobacteriaceae,Microbacteriaceae,1
Methylobacteriaceae,Micrococcaceae,1
Methylobacteriaceae,Myxococcaceae,1
Methylobacteriaceae,Rhodothermaceae,1
Methylobacteriaceae,Beijerinckiaceae,1
Methylobacteriaceae,Oceanospirillaceae,1
Methylobacteriaceae,Opitutaceae,1
Methylobacteriaceae,Sinobacteraceae,1
Methylobacteriaceae,Phaselicystidaceae,1
Methylobacteriaceae,Legionellaceae,1
Methylobacteriaceae,Flavobacteriaceae,1
Methylobacteriaceae,Streptomycetaceae,1
Methylobacteriaceae,Alcaligenaceae,1
Methylobacteriaceae,Gemmataceae,1
Methylococcaceae,Woeseiaceae,1
Methylococcaceae,Bacillariaceae,1
Methylococcaceae,Cyaneidae,1
Methylococcaceae,Bdellovibrionaceae,1
Methylococcaceae,Nitrospiraceae,1
Methylophilaceae,Alteromonadaceae,1
Methylophilaceae,Burkholderiaceae,1
Methylophilaceae,Saprospiraceae,1
Methylophilaceae,Caulobacteraceae,1
Methylophilaceae,Aurantimonadaceae,1
Methylophilaceae,Cyclobacteriaceae,1
Methylophilaceae,Hartmannellidae,1
Methylophilaceae,Bacteriovoracaceae,1
Methylophilaceae,Bdellovibrionaceae,1
Microbacteriaceae,Oceanospirillaceae,1
Microbacteriaceae,Verrucomicrobia.subdivision.3,1
Microbacteriaceae,Myxococcaceae,1
Microbacteriaceae,Nectriaceae,1
Microbacteriaceae,Nitrosopumilaceae,1
Microbacteriaceae,Nitrososphaeraceae,1
Microbacteriaceae,Gemmataceae,1
Microbacteriaceae,Methylobacteriaceae,1
Microbacteriaceae,Gemmatimonadaceae,1
Microbulbiferaceae,Agalmatidae,1
Microbulbiferaceae,Candidatus.Brocadiaceae,1
Microbulbiferaceae,Mesotaeniaceae,1
Microbulbiferaceae,Apusomonadidae,1
Microbulbiferaceae,Cymatosiraceae,1
Microbulbiferaceae,Chlorodendraceae,1
Microbulbiferaceae,Desulfarculaceae,1
Micrococcaceae,Thiotrichaceae,1
Micrococcaceae,Geodermatophilaceae,1
Micrococcaceae,Psychromonadaceae,1
Micrococcaceae,Verrucomicrobia.subdivision.3,1
Micrococcaceae,Micropepsaceae,1
Micrococcaceae,Myxococcaceae,1
Micrococcaceae,Oceanospirillaceae,1
Micrococcaceae,Opitutaceae,1
Micrococcaceae,Oxalobacteraceae,1
Micrococcaceae,Caulobacteraceae,1
Micrococcaceae,Alcaligenaceae,1
Micrococcaceae,Methylobacteriaceae,1
Micrococcaceae,Gemmatimonadaceae,1
Micropepsaceae,Entolomataceae,1
Micropepsaceae,Micrococcaceae,1
Micropepsaceae,Vannellidae,1
Micropepsaceae,Wenzhouxiangellaceae,1
Micropepsaceae,Pythiaceae,1
Micropepsaceae,Myxococcaceae,1
Micropepsaceae,Piscirickettsiaceae,1
Micropepsaceae,Rhodobacteraceae,1
Micropepsaceae,Rhodothermaceae,1
Micropepsaceae,Nitrososphaeraceae,1
Micropepsaceae,Gemmataceae,1
Moraxellaceae,Caldilineaceae,1
Moraxellaceae,Hyphomonadaceae,1
Moraxellaceae,Aphanothecaceae,1
Moraxellaceae,Phaselicystidaceae,1
Moraxellaceae,Haematococcaceae,1
Moraxellaceae,Paramoebidae,1
Moraxellaceae,Nitrospiraceae,1
Moritellaceae,Colwelliaceae,1
Moritellaceae,Campylobacteraceae,1
Moritellaceae,Glabratellidae,1
Moritellaceae,Vibrionaceae,1
Moritellaceae,Virgulinellidae,1
Moritellaceae,Pycnococcaceae,1
Moritellaceae,Ferrimonadaceae,1
Moritellaceae,Halieaceae,1
Moritellaceae,Zoogloeaceae,1
Moritellaceae,Gymnodiniaceae,1
Moritellaceae,Rubritaleaceae,1
Moritellaceae,Pennariidae,1
Myxococcaceae,Geodermatophilaceae,1
Myxococcaceae,Microbacteriaceae,1
Myxococcaceae,Psychromonadaceae,1
Myxococcaceae,Micrococcaceae,1
Myxococcaceae,Micropepsaceae,1
Myxococcaceae,Archangiaceae,1
Myxococcaceae,Hyphomicrobiaceae,1
Myxococcaceae,Opitutaceae,1
Myxococcaceae,Sinobacteraceae,1
Myxococcaceae,Kineosporiaceae,1
Myxococcaceae,Alcaligenaceae,1
Myxococcaceae,Gemmataceae,1
Myxococcaceae,Methylobacteriaceae,1
Myxococcaceae,Gemmatimonadaceae,1
Naviculaceae,Sandaracinaceae,1
Naviculaceae,Anaerolineaceae,1
Naviculaceae,Flavobacteriaceae,1
Naviculaceae,Bacillariaceae,1
Naviculaceae,Chlorodendraceae,1
Naviculaceae,Fragilariaceae,1
Naviculaceae,Pelagiidae,1
Nitriliruptoraceae,Alteromonadaceae,1
Nitriliruptoraceae,Amanitaceae,1
Nitriliruptoraceae,Competibacteraceae,1
Nitriliruptoraceae,Granulosicoccaceae,1
Nitriliruptoraceae,Hahellaceae,1
Nitriliruptoraceae,Bacillaceae,1
Nitriliruptoraceae,Rhodocyclaceae,1
Nitriliruptoraceae,Rhodospirillaceae,1
Nitriliruptoraceae,Erythrobacteraceae,1
Nitriliruptoraceae,Euzebyaceae,1
Nitriliruptoraceae,Clavariaceae,1
Nitriliruptoraceae,Cellvibrionaceae,1
Nitriliruptoraceae,Planococcaceae,1
Nitriliruptoraceae,Chromatiaceae,1
Nitriliruptoraceae,Cyphoderiidae,1
Nitrosomonadaceae,Trueperaceae,1
Nitrosomonadaceae,Thalassiosiraceae,1
Nitrosomonadaceae,Parvularculaceae,1
Nitrosomonadaceae,Xyalidae,1
Nitrosomonadaceae,Raphidomonadidae,1
Nitrosomonadaceae,Rhodospirillaceae,1
Nitrosomonadaceae,Nitrospiraceae,1
Nitrosopumilaceae,Geodermatophilaceae,1
Nitrosopumilaceae,Microbacteriaceae,1
Nitrosopumilaceae,Verrucomicrobia.subdivision.3,1
Nitrosopumilaceae,Woeseiaceae,1
Nitrosopumilaceae,Rhodobiaceae,1
Nitrosopumilaceae,Cytophagaceae,1
Nitrosopumilaceae,Rhodothermaceae,1
Nitrosopumilaceae,Symbiodiniaceae,1
Nitrosopumilaceae,Nitrososphaeraceae,1
Nitrosopumilaceae,Nitrospinaceae,1
Nitrosopumilaceae,Alcaligenaceae,1
Nitrosopumilaceae,Gemmataceae,1
Nitrososphaeraceae,Entolomataceae,1
Nitrososphaeraceae,Microbacteriaceae,1
Nitrososphaeraceae,Verrucomicrobia.subdivision.3,1
Nitrososphaeraceae,Micropepsaceae,1
Nitrososphaeraceae,Pyrinomonadaceae,1
Nitrososphaeraceae,Rhizobiaceae,1
Nitrososphaeraceae,Nitrosopumilaceae,1
Nitrososphaeraceae,Vannellidae,1
Nitrososphaeraceae,Sinobacteraceae,1
Nitrososphaeraceae,Nectriaceae,1
Nitrososphaeraceae,Streptomycetaceae,1
Nitrososphaeraceae,Polyangiaceae,1
Nitrososphaeraceae,Gemmatimonadaceae,1
Nitrospinaceae,Glabratellidae,1
Nitrospinaceae,Niphargidae,1
Nitrospinaceae,Rhodospirillaceae,1
Nitrospinaceae,Nitrosopumilaceae,1
Nitrospiraceae,Geodermatophilaceae,1
Nitrospiraceae,Parvularculaceae,1
Nitrospiraceae,Moraxellaceae,1
Nitrospiraceae,Woeseiaceae,1
Nitrospiraceae,Nitrosomonadaceae,1
Nitrospiraceae,Rhodothermaceae,1
Nitrospiraceae,Methylococcaceae,1
Nocardioidaceae,Hymenobacteraceae,1
Nocardioidaceae,Oxalobacteraceae,1
Nocardioidaceae,Kineosporiaceae,1
Nocardioidaceae,Sphingomonadaceae,1
Nocardioidaceae,Aurantimonadaceae,1
Nocardioidaceae,Xanthomonadaceae,1
Nocardioidaceae,Planococcaceae,1
Nocardioidaceae,Hartmannellidae,1
Nostocaceae,Calditrichaceae,1
Nostocaceae,Thecamoebidae,1
Nostocaceae,Virgulinellidae,1
Nostocaceae,Pycnococcaceae,1
Nostocaceae,Ardenticatenaceae,1
Nostocaceae,Halieaceae,1
Nostocaceae,Fragilariaceae,1
Nostocaceae,Rhodothermaceae,1
Nostocaceae,Porticoccaceae,1
Nostocaceae,Rubricoccaceae,1
Nostocaceae,Rubritaleaceae,1
Oceanospirillaceae,Alteromonadaceae,1
Oceanospirillaceae,Colwelliaceae,1
Oceanospirillaceae,Microbacteriaceae,1
Oceanospirillaceae,Micrococcaceae,1
Oceanospirillaceae,Methylobacteriaceae,1
Oceanospirillaceae,Pseudoalteromonadaceae,1
Oceanospirillaceae,Beijerinckiaceae,1
Opitutaceae,Verrucomicrobia.subdivision.3,1
Opitutaceae,Micrococcaceae,1
Opitutaceae,Sinobacteraceae,1
Opitutaceae,Caulobacteraceae,1
Opitutaceae,Arenicellaceae,1
Opitutaceae,Myxococcaceae,1
Opitutaceae,Cytophagaceae,1
Opitutaceae,Polyangiaceae,1
Opitutaceae,Gemmataceae,1
Opitutaceae,Methylobacteriaceae,1
Opitutaceae,Gemmatimonadaceae,1
Oxalobacteraceae,Micrococcaceae,1
Oxalobacteraceae,Caulobacteraceae,1
Oxalobacteraceae,Cochliopodiidae,1
Oxalobacteraceae,Xanthomonadaceae,1
Oxalobacteraceae,Chitinophagaceae,1
Oxalobacteraceae,Hartmannellidae,1
Oxalobacteraceae,Bdellovibrionaceae,1
Oxalobacteraceae,Gemmataceae,1
Oxalobacteraceae,Nocardioidaceae,1
Parvularculaceae,Competibacteraceae,1
Parvularculaceae,Verrucomicrobiaceae,1
Parvularculaceae,Granulosicoccaceae,1
Parvularculaceae,Nitrosomonadaceae,1
Parvularculaceae,Nitrospiraceae,1
Phaselicystidaceae,Archangiaceae,1
Phaselicystidaceae,Moraxellaceae,1
Phaselicystidaceae,Braconidae,1
Phaselicystidaceae,Desulfarculaceae,1
Phaselicystidaceae,Methylobacteriaceae,1
Phyllobacteriaceae,Hyphomicrobiaceae,1
Phyllobacteriaceae,Gigartinaceae,1
Phyllobacteriaceae,Hyphomonadaceae,1
Phyllobacteriaceae,Erythropeltidaceae,1
Phyllobacteriaceae,Wenzhouxiangellaceae,1
Phyllobacteriaceae,Flammeovirgaceae,1
Phyllobacteriaceae,Lewinellaceae,1
Phyllobacteriaceae,Chromatiaceae,1
Phyllobacteriaceae,Chromobacteriaceae,1
Phyllobacteriaceae,Caecitellidae,1
Phyllobacteriaceae,Desulfobulbaceae,1
Piscirickettsiaceae,Geodermatophilaceae,1
Piscirickettsiaceae,Micropepsaceae,1
Piscirickettsiaceae,Alcaligenaceae,1
Planctomycetaceae,Ectothiorhodospiraceae,1
Planctomycetaceae,Iamiaceae,1
Planctomycetaceae,Aphanothecaceae,1
Planctomycetaceae,Coxiellaceae,1
Planctomycetaceae,Kofleriaceae,1
Planctomycetaceae,Cymatosiraceae,1
Planctomycetaceae,Chlorodendraceae,1
Planctomycetaceae,Bacteroidaceae,1
Planctomycetaceae,Syntrophaceae,1
Planctomycetaceae,Helicobacteraceae,1
Planctomycetaceae,Ruminococcaceae,1
Planococcaceae,Hymenobacteraceae,1
Planococcaceae,Glabratellidae,1
Planococcaceae,Erythrobacteraceae,1
Planococcaceae,Euzebyaceae,1
Planococcaceae,Cellvibrionaceae,1
Planococcaceae,Halieaceae,1
Planococcaceae,Bacillaceae,1
Planococcaceae,Nitriliruptoraceae,1
Planococcaceae,Rhodocyclaceae,1
Planococcaceae,Halomonadaceae,1
Planococcaceae,Nocardioidaceae,1
Pleurosigmataceae,Agalmatidae,1
Pleurosigmataceae,Glabratellidae,1
Pleurosigmataceae,Virgulinellidae,1
Pleurosigmataceae,Apusomonadidae,1
Pleurosigmataceae,Bacillariaceae,1
Pleurosigmataceae,Halieaceae,1
Pleurosigmataceae,Cymatosiraceae,1
Pleurosigmataceae,Berkeleyaceae,1
Pleurosigmataceae,Salpingoecidae,1
Pleurosigmataceae,Desulfarculaceae,1
Pleurosigmataceae,Rickettsiaceae,1
Pleurosigmataceae,Capitellidae,1
Pleurosigmataceae,Ruminococcaceae,1
Pleurosigmataceae,Chromadoridae,1
Pleurosigmataceae,Lentimicrobiaceae,1
Pleurosigmataceae,Chlorodendraceae,1
Pleurosigmataceae,Thalassiosiraceae,1
Polyangiaceae,Alteromonadaceae,1
Polyangiaceae,Pseudomonadaceae,1
Polyangiaceae,Hyphomicrobiaceae,1
Polyangiaceae,Opitutaceae,1
Polyangiaceae,Verrucomicrobia.subdivision.3,1
Polyangiaceae,Sphingobacteriaceae,1
Polyangiaceae,Nitrososphaeraceae,1
Polyangiaceae,Beijerinckiaceae,1
Polyangiaceae,Gemmatimonadaceae,1
Porticoccaceae,Ectocarpaceae,1
Porticoccaceae,Nostocaceae,1
Porticoccaceae,Psychromonadaceae,1
Porticoccaceae,Alpheidae,1
Porticoccaceae,Coscinodiscaceae,1
Porticoccaceae,Corallinaceae,1
Porticoccaceae,Alcanivoracaceae,1
Prolixibacteraceae,Colwelliaceae,1
Prolixibacteraceae,Competibacteraceae,1
Prolixibacteraceae,Virgulinellidae,1
Prolixibacteraceae,Halieaceae,1
Prolixibacteraceae,Rhabditidae,1
Prolixibacteraceae,Rhodocyclaceae,1
Prolixibacteraceae,Zoogloeaceae,1
Prolixibacteraceae,Corallinaceae,1
Prolixibacteraceae,Marinifilaceae,1
Prolixibacteraceae,Cyaneidae,1
Prolixibacteraceae,Rubricoccaceae,1
Pseudoalteromonadaceae,Colwelliaceae,1
Pseudoalteromonadaceae,Oceanospirillaceae,1
Pseudoalteromonadaceae,Vibrionaceae,1
Pseudoalteromonadaceae,Rhodanobacteraceae,1
Pseudobacteriovoracaceae,Amoebophilaceae,1
Pseudobacteriovoracaceae,Coscinodiscaceae,1
Pseudobacteriovoracaceae,Raphidomonadidae,1
Pseudobacteriovoracaceae,Desulfarculaceae,1
Pseudobacteriovoracaceae,Halymeniaceae,1
Pseudobacteriovoracaceae,Sellaphoraceae,1
Pseudobacteriovoracaceae,Ischnomesidae,1
Pseudobacteriovoracaceae,Holophagaceae,1
Pseudobacteriovoracaceae,Saccharospirillaceae,1
Pseudobacteriovoracaceae,Sandaracinaceae,1
Pseudobacteriovoracaceae,Chaetocerotaceae,1
Pseudobacteriovoracaceae,Gallionellaceae,1
Pseudobacteriovoracaceae,Chthoniobacteraceae,1
Pseudomonadaceae,Burkholderiaceae,1
Pseudomonadaceae,Calditrichaceae,1
Pseudomonadaceae,Acidiferrobacteraceae,1
Pseudomonadaceae,Polyangiaceae,1
Pseudomonadaceae,Melioribacteraceae,1
Pseudomonadaceae,Desulfobulbaceae,1
Pseudomonadaceae,Helicobacteraceae,1
Pseudomonadaceae,Thioalkalispiraceae,1
Psychromonadaceae,Micrococcaceae,1
Psychromonadaceae,Sinobacteraceae,1
Psychromonadaceae,Caulobacteraceae,1
Psychromonadaceae,Sphingobacteriaceae,1
Psychromonadaceae,Wenzhouxiangellaceae,1
Psychromonadaceae,Myxococcaceae,1
Psychromonadaceae,Xanthomonadaceae,1
Psychromonadaceae,Flavobacteriaceae,1
Psychromonadaceae,Porticoccaceae,1
Psychromonadaceae,Thioprofundaceae,1
Puniceicoccaceae,Gymnodiniaceae,1
Puniceicoccaceae,Chromatiaceae,1
Puniceicoccaceae,Aeromonadaceae,1
Puniceicoccaceae,Thalassiosiraceae,1
Pyrenomonadaceae,Agalmatidae,1
Pyrenomonadaceae,Lymnaeidae,1
Pyrenomonadaceae,Candidatus.Brocadiaceae,1
Pyrenomonadaceae,Mitrocomidae,1
Pyrenomonadaceae,Myzocytiopsidaceae,1
Pyrenomonadaceae,Cymatosiraceae,1
Pyrenomonadaceae,Bacteroidaceae,1
Pyrenomonadaceae,Chroomonadaceae,1
Pyrinomonadaceae,Chordariaceae,1
Pyrinomonadaceae,Streptomycetaceae,1
Pyrinomonadaceae,Nitrososphaeraceae,1
Pyrinomonadaceae,Gemmataceae,1
Rhizobiaceae,Skeletonemataceae,1
Rhizobiaceae,Sphingomonadaceae,1
Rhizobiaceae,Chitinophagaceae,1
Rhizobiaceae,Acidobacteriaceae,1
Rhizobiaceae,Nitrososphaeraceae,1
Rhizobiaceae,Gemmatimonadaceae,1
Rhodanobacteraceae,Chlorellaceae,1
Rhodanobacteraceae,Campylobacteraceae,1
Rhodanobacteraceae,Vibrionaceae,1
Rhodanobacteraceae,Sphingomonadaceae,1
Rhodanobacteraceae,Chitinophagaceae,1
Rhodanobacteraceae,Pseudoalteromonadaceae,1
Rhodobacteraceae,Kallymeniaceae,1
Rhodobacteraceae,Entolomataceae,1
Rhodobacteraceae,Ectothiorhodospiraceae,1
Rhodobacteraceae,Granulosicoccaceae,1
Rhodobacteraceae,Micropepsaceae,1
Rhodobacteraceae,Cellvibrionaceae,1
Rhodobacteraceae,Acidimicrobiaceae,1
Rhodobacteraceae,Streptomycetaceae,1
Rhodobacteraceae,Alcaligenaceae,1
Rhodobacteraceae,Chthoniobacteraceae,1
Rhodobacteraceae,Sertulariidae,1
Rhodobiaceae,Colwelliaceae,1
Rhodobiaceae,Hyphomonadaceae,1
Rhodobiaceae,Verrucomicrobia.subdivision.3,1
Rhodobiaceae,Iamiaceae,1
Rhodobiaceae,Cryomorphaceae,1
Rhodobiaceae,Woeseiaceae,1
Rhodobiaceae,Acidimicrobiaceae,1
Rhodobiaceae,Nitrosopumilaceae,1
Rhodobiaceae,Symbiodiniaceae,1
Rhodobiaceae,Alcanivoracaceae,1
Rhodocyclaceae,Competibacteraceae,1
Rhodocyclaceae,Glabratellidae,1
Rhodocyclaceae,Vibrionaceae,1
Rhodocyclaceae,Virgulinellidae,1
Rhodocyclaceae,Hahellaceae,1
Rhodocyclaceae,Gracilariaceae,1
Rhodocyclaceae,Halieaceae,1
Rhodocyclaceae,Nitriliruptoraceae,1
Rhodocyclaceae,Haloferacaceae,1
Rhodocyclaceae,Rhodothermaceae,1
Rhodocyclaceae,Halomonadaceae,1
Rhodocyclaceae,Rubricoccaceae,1
Rhodocyclaceae,Rubritaleaceae,1
Rhodocyclaceae,Skeletonemataceae,1
Rhodocyclaceae,Calditrichaceae,1
Rhodocyclaceae,Thecamoebidae,1
Rhodocyclaceae,Euzebyaceae,1
Rhodocyclaceae,Myzocytiopsidaceae,1
Rhodocyclaceae,Comatulidae,1
Rhodocyclaceae,Planococcaceae,1
Rhodocyclaceae,Chromobacteriaceae,1
Rhodocyclaceae,Prolixibacteraceae,1
Rhodocyclaceae,Thioalkalispiraceae,1
Rhodospirillaceae,Hyphomicrobiaceae,1
Rhodospirillaceae,Bacillaceae,1
Rhodospirillaceae,Nitriliruptoraceae,1
Rhodospirillaceae,Nitrosomonadaceae,1
Rhodospirillaceae,Nitrospinaceae,1
Rhodospirillaceae,Capitellidae,1
Rhodothermaceae,Thiotrichaceae,1
Rhodothermaceae,Granulosicoccaceae,1
Rhodothermaceae,Micropepsaceae,1
Rhodothermaceae,Rhodocyclaceae,1
Rhodothermaceae,Cytophagaceae,1
Rhodothermaceae,Nitrosopumilaceae,1
Rhodothermaceae,Rubricoccaceae,1
Rhodothermaceae,Nitrospiraceae,1
Rhodothermaceae,Nostocaceae,1
Rhodothermaceae,Calditrichaceae,1
Rhodothermaceae,Thecamoebidae,1
Rhodothermaceae,Legionellaceae,1
Rhodothermaceae,Gemmataceae,1
Rhodothermaceae,Methylobacteriaceae,1
Rhodothermaceae,Thioalkalispiraceae,1
Rickettsiaceae,Cymatosiraceae,1
Rickettsiaceae,Bacillariaceae,1
Rickettsiaceae,Pleurosigmataceae,1
Rickettsiaceae,Thalassiosiraceae,1
Rickettsiaceae,Rubritaleaceae,1
Rubricoccaceae,Agalmatidae,1
Rubricoccaceae,Pinnulariaceae,1
Rubricoccaceae,Coscinodiscaceae,1
Rubricoccaceae,Rhodocyclaceae,1
Rubricoccaceae,Gymnodiniaceae,1
Rubricoccaceae,Haloferacaceae,1
Rubricoccaceae,Rhodothermaceae,1
Rubricoccaceae,Nostocaceae,1
Rubricoccaceae,Calditrichaceae,1
Rubricoccaceae,Thecamoebidae,1
Rubricoccaceae,Chaetocerotaceae,1
Rubricoccaceae,Comatulidae,1
Rubricoccaceae,Chromobacteriaceae,1
Rubricoccaceae,Prolixibacteraceae,1
Rubricoccaceae,Alcanivoracaceae,1
Rubritaleaceae,Colwelliaceae,1
Rubritaleaceae,Glabratellidae,1
Rubritaleaceae,Crocinitomicaceae,1
Rubritaleaceae,Moritellaceae,1
Rubritaleaceae,Arenicellaceae,1
Rubritaleaceae,Halieaceae,1
Rubritaleaceae,Rhodocyclaceae,1
Rubritaleaceae,Bougainvilliidae,1
Rubritaleaceae,Rickettsiaceae,1
Rubritaleaceae,Halymeniaceae,1
Rubritaleaceae,Holophagaceae,1
Rubritaleaceae,Nostocaceae,1
Rubritaleaceae,Hyphomonadaceae,1
Ruminococcaceae,Apusomonadidae,1
Ruminococcaceae,Helicobacteraceae,1
Ruminococcaceae,Capitellidae,1
Ruminococcaceae,Desulfonatronaceae,1
Ruminococcaceae,Lymnaeidae,1
Ruminococcaceae,Mitrocomidae,1
Ruminococcaceae,Xyalidae,1
Ruminococcaceae,Acanthopleuribacteraceae,1
Ruminococcaceae,Planctomycetaceae,1
Ruminococcaceae,Lentimicrobiaceae,1
Ruminococcaceae,Pleurosigmataceae,1
Ruminococcaceae,Syntrophaceae,1
Ruminococcaceae,Paramoebidae,1
Ruminococcaceae,Melioribacteraceae,1
Saccharospirillaceae,Caldilineaceae,1
Saccharospirillaceae,Colwelliaceae,1
Saccharospirillaceae,Alpheidae,1
Saccharospirillaceae,Hyphomonadaceae,1
Saccharospirillaceae,Coscinodiscaceae,1
Saccharospirillaceae,Holophagaceae,1
Saccharospirillaceae,Pseudobacteriovoracaceae,1
Sandaracinaceae,Flavobacteriaceae,1
Sandaracinaceae,Apolemiidae,1
Sandaracinaceae,Asplanchnidae,1
Sandaracinaceae,Raphidomonadidae,1
Sandaracinaceae,Acanthopleuribacteraceae,1
Sandaracinaceae,Naviculaceae,1
Sandaracinaceae,Olpidiopsidaceae,1
Sandaracinaceae,Desulfobulbaceae,1
Sandaracinaceae,Pseudobacteriovoracaceae,1
Saprospiraceae,Methylophilaceae,1
Saprospiraceae,Ignavibacteriaceae,1
Saprospiraceae,Legionellaceae,1
Saprospiraceae,Marinilabiliaceae,1
Saprospiraceae,Halymeniaceae,1
Saprospiraceae,Beijerinckiaceae,1
Shewanellaceae,Thalassiosiraceae,1
Shewanellaceae,Campylobacteraceae,1
Shewanellaceae,Crocinitomicaceae,1
Shewanellaceae,Fusobacteriaceae,1
Sinobacteraceae,Psychromonadaceae,1
Sinobacteraceae,Opitutaceae,1
Sinobacteraceae,Caulobacteraceae,1
Sinobacteraceae,Sphingobacteriaceae,1
Sinobacteraceae,Myxococcaceae,1
Sinobacteraceae,Sphingomonadaceae,1
Sinobacteraceae,Cochliopodiidae,1
Sinobacteraceae,Chitinophagaceae,1
Sinobacteraceae,Nitrososphaeraceae,1
Sinobacteraceae,Gemmataceae,1
Sinobacteraceae,Methylobacteriaceae,1
Sneathiellaceae,Geobacteraceae,1
Sneathiellaceae,Halobacteriaceae,1
Sneathiellaceae,Bacteriovoracaceae,1
Sneathiellaceae,Haloferacaceae,1
Sphingobacteriaceae,Hyphomicrobiaceae,1
Sphingobacteriaceae,Psychromonadaceae,1
Sphingobacteriaceae,Vannellidae,1
Sphingobacteriaceae,Sinobacteraceae,1
Sphingobacteriaceae,Caulobacteraceae,1
Sphingobacteriaceae,Wenzhouxiangellaceae,1
Sphingobacteriaceae,Sphingomonadaceae,1
Sphingobacteriaceae,Polyangiaceae,1
Sphingobacteriaceae,Gemmataceae,1
Sphingomonadaceae,Erythrobacteraceae,1
Sphingomonadaceae,Sinobacteraceae,1
Sphingomonadaceae,Rhizobiaceae,1
Sphingomonadaceae,Rhodanobacteraceae,1
Sphingomonadaceae,Sphingobacteriaceae,1
Sphingomonadaceae,Wenzhouxiangellaceae,1
Sphingomonadaceae,Cochliopodiidae,1
Sphingomonadaceae,Chitinophagaceae,1
Sphingomonadaceae,Cymatosiraceae,1
Sphingomonadaceae,Thalassiosiraceae,1
Sphingomonadaceae,Campanulariidae,1
Sphingomonadaceae,Nocardioidaceae,1
Spirochaetaceae,Ignavibacteriaceae,1
Spirochaetaceae,Bacteroidaceae,1
Spirochaetaceae,Desulfobulbaceae,1
Spirochaetaceae,Helicobacteraceae,1
Spongiibacteraceae,Comamonadaceae,1
Spongiibacteraceae,Hyphomonadaceae,1
Spongiibacteraceae,Arenicellaceae,1
Spongiibacteraceae,Symbiodiniaceae,1
Streptomycetaceae,Pyrinomonadaceae,1
Streptomycetaceae,Rhodobacteraceae,1
Streptomycetaceae,Nitrososphaeraceae,1
Streptomycetaceae,Chthoniobacteraceae,1
Streptomycetaceae,Methylobacteriaceae,1
Symbiodiniaceae,Hyphomonadaceae,1
Symbiodiniaceae,Iamiaceae,1
Symbiodiniaceae,Gigartinaceae,1
Symbiodiniaceae,Woeseiaceae,1
Symbiodiniaceae,Rhodobiaceae,1
Symbiodiniaceae,Spongiibacteraceae,1
Symbiodiniaceae,Zoogloeaceae,1
Symbiodiniaceae,Acidimicrobiaceae,1
Symbiodiniaceae,Lewinellaceae,1
Symbiodiniaceae,Nitrosopumilaceae,1
Syntrophaceae,Desulfovibrionaceae,1
Syntrophaceae,Myzocytiopsidaceae,1
Syntrophaceae,Planctomycetaceae,1
Syntrophaceae,Sertulariidae,1
Syntrophaceae,Ruminococcaceae,1
Thalassiosiraceae,Puniceicoccaceae,1
Thalassiosiraceae,Vibrionaceae,1
Thalassiosiraceae,Catenulaceae,1
Thalassiosiraceae,Cellvibrionaceae,1
Thalassiosiraceae,Kofleriaceae,1
Thalassiosiraceae,Sphingomonadaceae,1
Thalassiosiraceae,Naviculaceae,1
Thalassiosiraceae,Chlorodendraceae,1
Thalassiosiraceae,Pleurosigmataceae,1
Thalassiosiraceae,Fusobacteriaceae,1
Thalassiosiraceae,Rickettsiaceae,1
Thioalkalispiraceae,Alteromonadaceae,1
Thioalkalispiraceae,Pseudomonadaceae,1
Thioalkalispiraceae,Competibacteraceae,1
Thioalkalispiraceae,Ardenticatenaceae,1
Thioalkalispiraceae,Rhodocyclaceae,1
Thioalkalispiraceae,Bougainvilliidae,1
Thioalkalispiraceae,Rhodothermaceae,1
Thioalkalispiraceae,Desulfobacteraceae,1
Thioprofundaceae,Ectocarpaceae,1
Thioprofundaceae,Hymenobacteraceae,1
Thioprofundaceae,Thiotrichaceae,1
Thioprofundaceae,Psychromonadaceae,1
Thioprofundaceae,Anaerolineaceae,1
Thioprofundaceae,Anaeromyxobacteraceae,1
Thioprofundaceae,Erythrobacteraceae,1
Thioprofundaceae,Xyalidae,1
Thioprofundaceae,Wenzhouxiangellaceae,1
Thioprofundaceae,Flavobacteriaceae,1
Thioprofundaceae,Haliscomenobacteraceae,1
Thiotrichaceae,Verrucomicrobia.subdivision.3,1
Thiotrichaceae,Micrococcaceae,1
Thiotrichaceae,Verrucomicrobiaceae,1
Thiotrichaceae,Ardenticatenaceae,1
Thiotrichaceae,Wenzhouxiangellaceae,1
Thiotrichaceae,Hahellaceae,1
Thiotrichaceae,Haliscomenobacteraceae,1
Thiotrichaceae,Bacteriovoracaceae,1
Thiotrichaceae,Rhodothermaceae,1
Thiotrichaceae,Hyphomicrobiaceae,1
Thiotrichaceae,Nectriaceae,1
Thiotrichaceae,Flavobacteriaceae,1
Thiotrichaceae,Fragilariaceae,1
Thiotrichaceae,Thioprofundaceae,1
Trueperaceae,Aphanothecaceae,1
Trueperaceae,Granulosicoccaceae,1
Trueperaceae,Coxiellaceae,1
Trueperaceae,Woeseiaceae,1
Trueperaceae,Nitrosomonadaceae,1
Verrucomicrobia.subdivision.3,Thiotrichaceae,1
Verrucomicrobia.subdivision.3,Geodermatophilaceae,1
Verrucomicrobia.subdivision.3,Microbacteriaceae,1
Verrucomicrobia.subdivision.3,Micrococcaceae,1
Verrucomicrobia.subdivision.3,Granulosicoccaceae,1
Verrucomicrobia.subdivision.3,Pythiaceae,1
Verrucomicrobia.subdivision.3,Rhodobiaceae,1
Verrucomicrobia.subdivision.3,Cytophagaceae,1
Verrucomicrobia.subdivision.3,Nitrosopumilaceae,1
Verrucomicrobia.subdivision.3,Nitrososphaeraceae,1
Verrucomicrobia.subdivision.3,Opitutaceae,1
Verrucomicrobia.subdivision.3,Flavobacteriaceae,1
Verrucomicrobia.subdivision.3,Polyangiaceae,1
Verrucomicrobia.subdivision.3,Gemmatimonadaceae,1
Verrucomicrobiaceae,Thiotrichaceae,1
Verrucomicrobiaceae,Hyphomicrobiaceae,1
Verrucomicrobiaceae,Competibacteraceae,1
Verrucomicrobiaceae,Parvularculaceae,1
Verrucomicrobiaceae,Bacteriovoracaceae,1
Verrucomicrobiaceae,Bacteroidaceae,1
Verrucomicrobiaceae,Helicobacteraceae,1
Vibrionaceae,Clostridiales.Family.XII..Incertae.Sedis,1
Vibrionaceae,Campylobacteraceae,1
Vibrionaceae,Virgulinellidae,1
Vibrionaceae,Moritellaceae,1
Vibrionaceae,Rhodanobacteraceae,1
Vibrionaceae,Arenicellaceae,1
Vibrionaceae,Cochliopodiidae,1
Vibrionaceae,Halieaceae,1
Vibrionaceae,Rhodocyclaceae,1
Vibrionaceae,Thalassiosiraceae,1
Vibrionaceae,Pseudoalteromonadaceae,1
Virgulinellidae,Glabratellidae,1
Virgulinellidae,Vibrionaceae,1
Virgulinellidae,Fragilariaceae,1
Virgulinellidae,Moritellaceae,1
Virgulinellidae,Halieaceae,1
Virgulinellidae,Rhodocyclaceae,1
Virgulinellidae,Zoogloeaceae,1
Virgulinellidae,Halymeniaceae,1
Virgulinellidae,Ischnomesidae,1
Virgulinellidae,Skeletonemataceae,1
Virgulinellidae,Nostocaceae,1
Virgulinellidae,Thalassiosiraceae,1
Virgulinellidae,Pleurosigmataceae,1
Virgulinellidae,Acidobacteriaceae,1
Virgulinellidae,Prolixibacteraceae,1
Wenzhouxiangellaceae,Thiotrichaceae,1
Wenzhouxiangellaceae,Desulfuromonadaceae,1
Wenzhouxiangellaceae,Hyphomicrobiaceae,1
Wenzhouxiangellaceae,Psychromonadaceae,1
Wenzhouxiangellaceae,Chordariaceae,1
Wenzhouxiangellaceae,Micropepsaceae,1
Wenzhouxiangellaceae,Phyllobacteriaceae,1
Wenzhouxiangellaceae,Sphingobacteriaceae,1
Wenzhouxiangellaceae,Sphingomonadaceae,1
Wenzhouxiangellaceae,Desulfobulbaceae,1
Wenzhouxiangellaceae,Thioprofundaceae,1
Woeseiaceae,Geodermatophilaceae,1
Woeseiaceae,Trueperaceae,1
Woeseiaceae,Aphanothecaceae,1
Woeseiaceae,Granulosicoccaceae,1
Woeseiaceae,Coxiellaceae,1
Woeseiaceae,Rhodobiaceae,1
Woeseiaceae,Nitrosopumilaceae,1
Woeseiaceae,Nitrospiraceae,1
Woeseiaceae,Hyphomonadaceae,1
Woeseiaceae,Ectothiorhodospiraceae,1
Woeseiaceae,Iamiaceae,1
Woeseiaceae,Symbiodiniaceae,1
Woeseiaceae,Methylococcaceae,1
Xanthomonadaceae,Hymenobacteraceae,1
Xanthomonadaceae,Psychromonadaceae,1
Xanthomonadaceae,Oxalobacteraceae,1
Xanthomonadaceae,Aurantimonadaceae,1
Xanthomonadaceae,Cyclobacteriaceae,1
Xanthomonadaceae,Chitinophagaceae,1
Xanthomonadaceae,Bdellovibrionaceae,1
Xanthomonadaceae,Nocardioidaceae,1
Zoogloeaceae,Comamonadaceae,1
Zoogloeaceae,Glabratellidae,1
Zoogloeaceae,Virgulinellidae,1
Zoogloeaceae,Moritellaceae,1
Zoogloeaceae,Myzocytiopsidaceae,1
Zoogloeaceae,Symbiodiniaceae,1
Zoogloeaceae,Aeromonadaceae,1
Zoogloeaceae,Cyaneidae,1
Zoogloeaceae,Prolixibacteraceae,1
